views,contacts,last_7_views,last_3_views,last_7_contacts,last_3_contacts,live_days,max_messages_events,messages_events,messages_users,avg_contacts_delta,max_contacts_delta,min_contacts_delta,is_selling_2,mumur_advertid
84,2,84,39,2,2,8,0,0,0,0.0,2,-2,Yes,1491863013
95,0,95,36,0,0,8,0,0,0,0.0,0,0,Yes,1909318556
118,3,118,40,3,2,8,0,0,0,0.17,1,-1,Yes,898271490
11,0,11,2,0,0,7,0,0,0,0.0,0,0,Yes,4050431016
48,2,48,8,2,0,8,0,0,0,0.0,0,0,Yes,452654590
82,0,82,8,0,0,8,0,0,0,0.0,0,0,Yes,2848383124
358,8,358,139,8,3,8,0,0,0,-0.33,0,-2,Yes,3955182530
62,0,62,17,0,0,8,0,0,0,0.0,0,0,Yes,4267485529
61,3,61,19,3,0,8,0,0,0,0.0,0,0,Yes,3354163163
148,1,148,25,1,0,8,0,0,0,0.0,1,-1,Yes,1485920549
74,2,74,17,2,0,8,0,0,0,0.0,0,0,Yes,1459302395
28,1,28,7,1,0,8,0,0,0,0.0,1,-1,Yes,3463343640
73,1,73,6,1,1,8,0,0,0,0.0,1,-1,Yes,3580463915
71,2,71,25,2,1,8,0,0,0,-0.17,1,-1,Yes,2440437218
89,0,89,26,0,0,8,0,0,0,0.0,0,0,Yes,2811041671
54,1,54,21,1,0,8,0,0,0,0.0,0,0,Yes,2834584884
139,0,139,34,0,0,8,0,0,0,0.0,0,0,Yes,1955867325
130,2,130,38,2,0,8,0,0,0,-0.33,0,-2,Yes,1485379880
88,1,88,14,1,0,8,0,0,0,0.0,0,0,Yes,2023291750
14,1,14,3,1,0,8,0,0,0,0.0,1,-1,Yes,1980996389
166,1,166,54,1,0,7,0,0,0,0.0,0,0,Yes,3539489431
15,0,15,15,0,0,2,0,0,0,0.0,0,0,Yes,1764113893
97,0,97,24,0,0,8,0,0,0,0.0,0,0,Yes,961025061
75,2,75,14,2,0,8,0,0,0,0.0,0,0,Yes,311364375
809,8,809,231,8,5,8,0,0,0,0.0,1,-2,Yes,146636049
103,1,103,29,1,0,7,0,0,0,0.0,1,-1,Yes,1311291590
92,0,92,27,0,0,8,0,0,0,0.0,0,0,Yes,3895755719
28,2,28,28,2,2,4,0,0,0,0.0,1,-1,Yes,1446657291
58,2,58,5,2,1,8,0,0,0,-0.17,1,-1,Yes,15599932
46,6,46,10,6,1,8,0,0,0,0.0,2,-3,Yes,2669570583
7,0,7,7,0,0,2,0,0,0,0.0,0,0,Yes,1558242195
151,1,151,35,1,0,8,0,0,0,0.0,1,-1,Yes,2859445194
536,2,536,127,2,0,8,0,0,0,-0.17,0,-1,Yes,69438762
189,1,189,53,1,1,8,0,0,0,0.0,1,-1,Yes,917541643
262,2,262,72,2,0,8,0,0,0,-0.17,0,-1,Yes,2220846417
221,0,221,65,0,0,8,0,0,0,0.0,0,0,Yes,3568787061
50,0,50,8,0,0,8,0,0,0,0.0,0,0,Yes,3869022213
107,0,107,32,0,0,8,0,0,0,0.0,0,0,Yes,2396310159
373,3,373,119,3,1,7,0,0,0,-0.17,1,-1,Yes,1605670294
171,4,171,35,4,2,8,0,0,0,0.0,1,-1,Yes,1770504635
474,1,474,136,1,0,8,0,0,0,-0.17,0,-1,Yes,2922979583
194,4,194,87,4,2,8,0,0,0,0.0,1,-1,Yes,1675569137
156,6,156,28,6,2,7,0,0,0,0.33,4,-4,Yes,2793971192
909,23,909,341,23,6,8,0,0,0,-0.83,3,-4,Yes,1110089687
100,2,100,23,2,2,8,0,0,0,0.0,2,-2,Yes,1775269070
261,0,261,40,0,0,8,0,0,0,0.0,0,0,Yes,2413461957
390,2,390,139,2,1,8,0,0,0,0.0,1,-1,Yes,3536074967
22,0,22,2,0,0,8,0,0,0,0.0,0,0,Yes,3071143621
74,0,74,10,0,0,8,0,0,0,0.0,0,0,Yes,3105468646
17,1,17,7,1,1,8,0,0,0,0.0,1,-1,Yes,1385888416
83,4,83,22,4,0,8,0,0,0,0.0,0,0,Yes,1196402991
107,1,107,22,1,1,8,0,0,0,0.0,1,-1,Yes,3398899759
146,2,146,35,2,1,8,1,1,1,0.0,1,-1,Yes,2691926544
162,0,162,52,0,0,8,1,1,1,0.0,0,0,Yes,358829387
82,0,82,27,0,0,8,1,1,1,0.0,0,0,Yes,1992811819
264,1,264,114,1,0,8,1,1,1,0.0,0,0,Yes,247415746
163,1,163,50,1,0,8,1,1,1,-0.17,0,-1,Yes,427993136
147,1,147,43,1,0,8,1,1,1,0.0,0,0,Yes,1771619627
172,7,172,32,7,0,8,1,1,1,0.0,0,0,Yes,3407342365
134,4,134,26,4,1,8,1,1,1,-0.17,1,-2,Yes,2545467805
89,0,89,13,0,0,8,1,1,1,0.0,0,0,Yes,2773677905
66,6,66,23,6,4,8,1,1,1,0.17,2,-2,Yes,1200275214
53,1,53,23,1,0,8,1,1,1,0.0,1,-1,Yes,3949921834
246,1,246,71,1,1,8,1,1,1,0.0,1,-1,Yes,470434324
147,2,147,48,2,1,8,1,1,1,-0.17,1,-1,Yes,4194283130
57,0,57,5,0,0,8,1,1,1,0.0,0,0,Yes,4117553154
138,0,138,55,0,0,8,1,1,1,0.0,0,0,Yes,2779000665
190,0,190,46,0,0,8,1,1,1,0.0,0,0,Yes,4048978481
93,1,93,20,1,0,8,1,1,1,0.0,0,0,Yes,520644778
85,3,85,13,3,0,8,1,1,1,-0.5,0,-3,Yes,1146125517
173,11,173,57,11,1,8,1,1,1,0.0,1,-1,Yes,3369694128
423,1,423,136,1,0,8,1,1,1,0.0,0,0,Yes,2592911968
312,1,312,74,1,1,8,1,1,1,0.0,1,-1,Yes,3533086692
85,0,85,16,0,0,8,1,1,1,0.0,0,0,Yes,162987354
84,1,84,84,1,1,2,1,1,1,0.0,1,-1,Yes,20182561
137,8,137,57,8,7,8,1,1,1,0.0,3,-3,Yes,3456113431
148,2,148,51,2,2,8,1,1,1,0.0,2,-2,Yes,2789103713
180,1,180,146,1,1,5,1,1,1,0.0,1,-1,Yes,235987130
57,3,57,57,3,3,1,1,1,1,0.5,3,0,Yes,2070952949
249,5,249,72,5,2,8,1,1,1,0.0,2,-2,Yes,295399704
167,3,167,44,3,2,8,1,1,1,0.17,1,-1,Yes,272579413
31,8,31,13,8,4,8,1,1,1,0.0,4,-4,Yes,3818164402
402,1,402,114,1,0,8,1,1,1,-0.17,0,-1,Yes,1825979000
284,9,284,135,9,6,8,1,1,1,-0.17,3,-3,Yes,4225141565
226,3,226,70,3,1,8,1,2,2,0.0,1,-1,Yes,582571127
111,2,111,32,2,0,8,1,2,2,0.0,0,0,Yes,2198843512
80,0,80,10,0,0,8,1,2,2,0.0,0,0,Yes,3067313506
171,0,171,38,0,0,8,1,2,2,0.0,0,0,Yes,622730432
124,6,124,42,6,6,8,1,2,2,0.0,4,-4,Yes,569110464
163,6,163,49,6,3,8,1,2,2,0.0,3,-3,Yes,3154973691
222,8,222,110,8,3,8,1,2,2,0.0,2,-1,Yes,2312778966
622,8,622,203,8,2,8,1,2,2,-0.67,2,-4,Yes,40857941
141,3,141,70,3,3,5,2,2,1,0.0,3,-3,Yes,1828769514
34,0,34,34,0,0,3,1,2,2,0.0,0,0,Yes,2565184647
112,0,112,38,0,0,8,1,2,2,0.0,0,0,Yes,1664816241
389,6,389,139,6,2,8,1,2,2,-0.17,1,-1,Yes,264255081
419,5,419,315,5,5,5,1,2,2,0.0,3,-2,Yes,1709682887
535,2,535,347,2,2,5,1,2,2,0.0,0,0,Yes,895491566
139,7,139,45,7,0,7,1,2,2,-0.5,3,-3,Yes,2521292604
29,0,29,4,0,0,8,1,2,2,0.0,0,0,Yes,2044291642
66,2,66,66,2,2,2,1,2,2,0.0,2,-2,Yes,1430384100
246,8,246,42,8,5,8,1,2,2,0.0,3,-4,Yes,1515806431
155,2,155,56,2,1,8,1,2,2,0.0,1,-1,Yes,2057067597
34,0,34,6,0,0,8,1,2,2,0.0,0,0,Yes,268521975
70,9,70,22,9,2,8,1,2,2,-0.5,2,-2,Yes,2444981839
846,11,846,257,11,9,8,1,2,2,-0.33,0,-2,Yes,78539784
180,5,180,29,5,0,8,1,2,2,-0.33,0,-2,Yes,1542427362
213,1,213,48,1,1,8,1,2,2,0.0,0,0,Yes,492760472
395,1,395,103,1,1,8,1,2,2,0.0,1,-1,Yes,746560630
121,1,121,37,1,0,8,1,2,2,0.0,1,-1,Yes,3024214098
310,0,310,53,0,0,8,1,2,2,0.0,0,0,Yes,1204377783
691,2,691,182,2,2,8,1,2,2,0.0,2,-2,Yes,353904435
180,0,180,180,0,0,4,1,2,2,0.0,0,0,Yes,4279447339
188,6,188,52,6,1,8,2,2,1,-0.17,0,-1,Yes,3243406930
50,3,50,22,3,1,8,1,2,2,0.0,2,-2,Yes,3548642262
283,2,283,104,2,1,8,1,2,2,0.0,1,-1,Yes,1707859667
140,2,140,30,2,0,8,2,2,1,0.0,1,-1,Yes,227476625
282,1,282,89,1,0,8,1,2,2,0.0,1,-1,Yes,109847679
431,3,431,143,3,1,8,1,2,2,-0.17,0,-1,Yes,3617521083
136,0,136,64,0,0,8,2,3,2,0.0,0,0,Yes,3741981748
205,1,205,52,1,0,8,2,3,2,-0.17,0,-1,Yes,4248104304
424,6,424,163,6,0,8,1,3,3,-0.33,0,-2,Yes,3072497153
320,1,320,79,1,0,8,2,3,2,0.0,0,0,Yes,2562581367
200,1,200,35,1,0,8,1,3,3,0.0,0,0,Yes,4217244674
690,5,690,208,5,1,8,2,3,2,-0.67,1,-4,Yes,2175577598
220,3,220,103,3,2,8,2,3,2,-0.17,1,-1,Yes,1319157684
137,1,137,137,1,1,3,1,3,3,0.0,1,-1,Yes,1874948769
150,4,150,57,4,0,8,1,3,3,-0.67,0,-4,Yes,3097006999
77,7,77,19,7,4,8,1,3,3,-0.33,3,-2,Yes,741740102
158,1,158,41,1,0,8,2,3,2,0.0,0,0,Yes,3926103606
367,1,367,85,1,0,8,1,3,3,0.0,0,0,Yes,75392445
204,11,204,87,11,2,6,1,3,3,0.17,4,-4,Yes,4010456017
238,8,238,59,8,1,7,1,3,3,-0.17,0,-1,Yes,3541866381
582,14,582,121,14,6,8,2,3,2,0.0,4,-2,Yes,2131109137
84,4,84,84,4,4,4,1,3,3,0.0,2,-2,Yes,3317108492
353,1,353,151,1,1,8,1,3,3,0.0,0,0,Yes,107353057
266,11,266,122,11,8,8,1,3,3,0.0,3,-4,Yes,2116541076
282,4,282,81,4,1,8,2,3,2,0.0,2,-1,Yes,2579716592
70,1,70,12,1,0,8,2,3,2,0.0,0,0,Yes,3503701947
307,2,307,125,2,2,7,1,3,3,0.0,2,-2,Yes,3015835036
172,9,172,39,9,4,8,2,4,3,0.0,2,-3,Yes,372124069
349,6,349,113,6,2,8,1,4,4,0.0,0,0,Yes,3649321859
682,6,682,253,6,4,8,2,4,3,-0.17,2,-3,Yes,467100612
656,10,656,148,10,3,8,1,4,4,0.0,2,-2,Yes,2012380712
440,5,440,134,5,1,8,1,4,4,-0.33,2,-2,Yes,3316487927
103,1,103,24,1,0,8,3,4,2,0.0,0,0,Yes,3234349901
200,6,200,39,6,1,8,1,4,4,-0.17,0,-1,Yes,1265129993
180,0,180,54,0,0,8,1,4,4,0.0,0,0,Yes,2673104387
236,10,236,98,10,9,8,1,4,4,-0.17,3,-5,Yes,1737681581
550,21,550,167,21,4,8,1,4,4,-0.33,1,-1,Yes,2639686069
248,5,248,37,5,2,8,1,4,4,0.0,1,-1,Yes,1577854598
119,1,119,22,1,0,8,3,4,2,-0.17,0,-1,Yes,3756117612
146,0,146,56,0,0,8,1,4,4,0.0,0,0,Yes,2227062983
208,3,208,208,3,3,1,1,4,4,-0.5,0,-3,Yes,1887126967
659,0,659,149,0,0,8,1,4,4,0.0,0,0,Yes,1320890908
258,9,258,40,9,3,8,1,4,4,0.0,3,-3,Yes,1801071687
247,12,247,58,12,4,8,2,4,3,-0.5,2,-3,Yes,3410144022
1003,10,1003,235,10,8,8,1,4,4,0.0,3,-5,Yes,2240845338
95,0,95,31,0,0,8,3,4,2,0.0,0,0,Yes,2532145784
409,1,409,66,1,1,8,2,4,3,0.0,1,-1,Yes,1629449847
662,3,661,167,3,3,8,2,4,3,0.0,2,-1,Yes,1176744816
31,0,31,3,0,0,8,3,4,2,0.0,0,0,Yes,3861841410
22,0,22,7,0,0,8,3,4,2,0.0,0,0,Yes,186575286
40,8,40,9,8,0,8,2,4,3,0.0,5,-4,Yes,2332353625
176,19,176,49,19,0,8,1,4,4,-0.83,0,-5,Yes,3777942246
508,10,508,138,10,2,8,2,4,3,-0.17,1,-1,Yes,2932285199
554,4,554,118,4,0,8,3,4,2,0.0,0,0,Yes,3755002337
194,21,194,194,21,21,1,3,5,3,0.0,21,-21,Yes,4048858883
196,6,196,84,6,5,8,2,5,4,-0.17,2,-2,Yes,2551741954
367,10,367,140,10,10,8,2,5,4,0.0,2,-2,Yes,2044775080
441,5,441,125,5,4,8,1,5,5,0.0,1,-1,Yes,2305537580
151,2,151,25,2,0,8,3,5,3,0.0,0,0,Yes,4073709069
433,13,433,288,13,7,5,2,5,4,-0.17,1,-2,Yes,1828575247
351,5,351,96,5,0,8,1,5,5,-0.17,0,-1,Yes,1509788345
407,2,407,146,2,2,8,3,5,3,0.0,2,-2,Yes,952069496
107,5,107,11,5,0,8,1,5,5,-0.5,0,-2,Yes,999316175
255,5,255,82,5,2,8,2,5,4,-0.17,1,-1,Yes,484308923
353,2,353,86,2,0,8,4,5,2,-0.33,0,-2,Yes,2441165512
176,0,176,66,0,0,8,3,6,3,0.0,0,0,Yes,3645277401
312,3,312,60,3,0,8,1,6,6,-0.33,0,-2,Yes,362960726
86,3,86,21,3,2,8,4,6,3,0.0,2,-2,Yes,3898781612
63,14,63,16,14,6,8,1,6,6,-0.33,4,-4,Yes,3751526165
273,5,273,218,5,5,5,2,6,4,0.17,4,-3,Yes,2294187701
709,6,709,228,6,5,8,1,6,6,-0.17,3,-4,Yes,2391925998
176,11,176,54,11,1,8,2,6,5,0.0,1,-1,Yes,2369599722
1007,8,1007,306,8,0,8,2,6,5,-0.5,1,-3,Yes,1948488555
909,17,909,244,17,4,8,1,6,6,-0.67,1,-4,Yes,158720926
256,8,256,31,8,3,8,3,6,3,0.0,1,-2,Yes,424321166
957,18,957,294,18,6,8,2,6,5,0.0,0,0,Yes,1504625428
313,9,313,113,9,3,8,1,6,6,0.0,2,-1,Yes,3670525613
157,7,157,27,7,2,8,2,6,5,0.0,0,0,Yes,214866236
745,1,745,242,1,0,8,3,6,4,0.0,0,0,Yes,2577268642
169,2,169,54,2,0,8,3,6,4,0.0,1,-1,Yes,518387473
245,4,245,66,4,2,8,1,6,6,0.0,2,-2,Yes,2821801661
670,16,670,198,16,5,8,1,6,6,-0.17,1,-2,Yes,3886168483
544,4,544,118,4,3,8,3,6,4,0.17,2,-2,Yes,4141933757
198,2,198,68,2,0,8,2,6,5,0.0,0,0,Yes,2039150455
544,2,544,143,2,0,8,2,7,5,-0.17,0,-1,Yes,908801338
397,7,397,146,7,3,8,3,7,5,0.0,3,-3,Yes,2292250051
200,4,200,67,4,0,9,4,7,4,0.0,4,-4,Yes,3950608018
242,5,242,114,5,1,5,3,8,4,-0.67,1,-4,Yes,1708469329
58,1,58,58,1,1,1,3,8,5,0.0,1,-1,Yes,2642519422
100,7,100,51,7,5,8,1,8,8,0.0,2,-1,Yes,2364252699
209,19,209,77,19,6,8,3,8,4,-1.17,1,-4,Yes,587974276
340,1,340,76,1,0,8,3,8,6,0.0,0,0,Yes,281076026
160,6,160,37,6,2,8,2,8,7,0.0,1,-1,Yes,490283671
255,22,255,84,22,9,8,1,8,8,-0.67,6,-8,Yes,1371503708
788,1,788,168,1,0,8,6,8,3,-0.17,0,-1,Yes,1605119056
525,12,525,194,12,7,8,3,8,5,-0.17,1,-3,Yes,963246904
88,0,88,88,0,0,2,3,9,6,0.0,0,0,Yes,3244535810
372,35,372,116,35,13,8,2,9,7,-0.33,4,-6,Yes,2541438025
1228,9,1228,325,9,3,8,3,9,7,0.0,1,-1,Yes,1365029684
312,10,312,99,10,5,8,2,9,8,-0.33,1,-2,Yes,1879880154
257,6,257,83,6,3,7,3,9,6,-0.17,1,-2,Yes,257226005
365,26,365,110,26,9,8,2,9,8,0.0,3,-3,Yes,4195052173
949,13,949,196,13,4,8,3,9,6,-0.33,2,-3,Yes,2336972428
508,23,508,109,23,4,8,2,9,7,-0.5,1,-3,Yes,4014338528
360,6,360,102,6,2,7,1,9,9,-0.33,2,-2,Yes,4272294962
329,10,329,109,10,4,7,3,10,8,0.0,2,-2,Yes,2437854153
360,6,360,91,6,0,8,3,10,7,0.0,0,0,Yes,895038658
258,13,258,103,13,7,8,1,10,10,0.0,3,-4,Yes,1430448314
1094,11,1094,326,11,5,8,3,11,8,0.0,0,0,Yes,963535272
155,3,155,155,3,3,4,2,11,10,-0.5,0,-3,Yes,2641624381
744,5,744,265,5,4,8,3,12,8,-0.33,2,-2,Yes,3522287116
138,4,138,24,4,2,8,4,12,7,0.0,2,-2,Yes,1757316279
378,17,378,161,17,8,6,6,12,7,-0.33,6,-6,Yes,267755627
675,11,675,181,11,4,8,4,12,8,0.0,2,-1,Yes,1434619087
395,4,395,125,4,2,7,4,12,7,0.0,2,-2,Yes,1204359138
237,11,237,237,11,11,3,3,13,9,0.0,9,-7,Yes,3930500894
485,2,485,161,2,0,8,3,13,8,0.0,0,0,Yes,79056188
576,33,576,175,33,7,8,3,14,11,-0.67,2,-3,Yes,2180723057
365,4,365,142,4,1,8,3,14,9,0.0,0,0,Yes,3862183694
495,22,495,115,22,4,8,4,14,9,0.0,0,0,Yes,1100933836
383,9,383,383,9,9,2,5,15,9,-1.5,0,-9,Yes,2730142867
1141,30,1141,339,30,16,8,2,15,12,-0.5,5,-7,Yes,2109725954
766,3,766,222,3,1,8,2,15,12,0.0,1,-1,Yes,849724762
1215,34,1215,271,34,4,8,3,17,14,-0.33,0,-2,Yes,2668507158
225,4,225,63,4,1,8,2,17,14,-0.5,1,-3,Yes,4191366269
381,8,381,102,8,4,8,2,18,16,0.0,4,-3,Yes,2128766504
546,52,546,134,52,7,8,3,18,15,-0.33,0,-2,Yes,1846170161
527,4,527,527,4,4,2,4,19,15,0.0,2,-2,Yes,3721385074
357,12,357,54,12,4,8,2,19,15,0.0,0,0,Yes,455502887
688,36,688,277,36,22,8,3,21,15,0.0,0,0,Yes,3506769801
1369,12,1369,398,12,2,8,5,22,15,0.0,0,0,Yes,2240808848
766,60,766,294,60,24,8,4,28,21,-0.33,2,-6,Yes,3322146260
975,22,975,975,22,22,3,7,28,16,0.0,8,-12,Yes,570131695
2762,32,1025,211,14,6,18,6,50,37,-0.17,2,-4,Yes,1465291873
1301,37,1301,456,37,11,8,3,52,44,0.0,0,0,Yes,1720462161
2281,56,2281,861,56,31,8,4,81,57,0.0,0,0,Yes,189433777
174,1,122,11,1,0,9,0,0,0,0.0,0,0,Yes,1134302955
3,0,3,2,0,0,8,0,0,0,0.0,0,0,Yes,2738026067
75,2,73,20,2,0,8,0,0,0,0.0,0,0,Yes,2530994549
13,0,13,13,0,0,1,0,0,0,0.0,0,0,Yes,502697407
53,0,53,53,0,0,2,0,0,0,0.0,0,0,Yes,1933837228
73,0,73,15,0,0,8,0,0,0,0.0,0,0,Yes,1290321482
39,4,39,12,4,2,8,0,0,0,-0.33,2,-2,Yes,1152736815
10,2,10,2,2,0,8,0,0,0,0.0,2,-2,Yes,3414587608
129,1,89,12,1,0,10,0,0,0,0.0,1,-1,Yes,3574604430
110,2,110,45,2,1,8,0,0,0,0.0,1,-1,Yes,3689128248
32,0,32,32,0,0,2,0,0,0,0.0,0,0,Yes,4007199788
116,1,75,24,1,0,10,0,0,0,0.0,0,0,Yes,565852559
555,3,271,61,0,0,15,0,0,0,0.0,0,0,Yes,1723126687
107,4,107,33,4,1,8,0,0,0,0.0,1,-1,Yes,3326439072
316,1,316,90,1,0,8,0,0,0,0.0,1,-1,Yes,1110608926
445,3,83,18,0,0,16,0,0,0,0.0,0,0,Yes,2409777306
159,1,159,41,1,0,8,0,0,0,0.0,1,-1,Yes,1794892766
222,7,118,46,2,2,16,0,0,0,0.0,2,-2,Yes,4051515324
72,4,72,30,4,0,7,0,0,0,-0.67,0,-4,Yes,1642066050
53,1,53,6,1,0,8,1,1,1,0.0,1,-1,Yes,2210250458
1118,10,535,186,4,1,16,1,1,1,-0.17,0,-1,Yes,2016314738
313,5,158,46,2,0,14,1,1,1,-0.17,0,-1,Yes,1115087062
518,2,331,82,2,1,11,1,1,1,0.0,1,-1,Yes,3030426873
413,19,223,68,9,0,12,1,2,2,-1.17,2,-7,Yes,3413719157
175,1,175,53,1,0,8,1,2,2,0.0,1,-1,Yes,2137334337
291,6,143,42,6,5,9,2,2,1,0.0,4,-4,Yes,3141398431
425,4,425,158,4,4,8,2,2,1,-0.17,1,-2,Yes,1797334956
591,3,338,111,1,1,14,1,2,2,0.0,1,-1,Yes,1894143737
266,2,266,85,2,1,8,1,2,2,0.0,1,-1,Yes,2047967228
168,4,167,46,4,3,8,2,2,1,0.0,1,-2,Yes,3218979891
259,2,259,86,2,0,8,1,2,2,0.0,0,0,Yes,1962183477
69,1,69,11,1,0,8,1,2,2,-0.17,0,-1,Yes,3391657584
226,7,226,71,7,0,8,1,2,2,0.0,0,0,Yes,976283219
453,4,167,41,3,2,16,1,2,2,-0.17,0,-1,Yes,3840868373
35,1,35,8,1,1,8,1,2,2,0.17,1,0,Yes,4245125115
336,1,334,128,1,1,8,1,2,2,0.0,1,-1,Yes,3049229315
47,1,47,15,1,1,8,2,2,1,0.17,1,0,Yes,2445350128
107,0,107,41,0,0,8,1,2,2,0.0,1,-1,Yes,2617980241
443,1,235,73,1,0,16,1,2,2,-0.17,0,-1,Yes,2585200344
131,1,131,49,1,1,8,1,2,2,0.0,1,-1,Yes,132785772
1075,8,64,17,4,4,24,2,2,1,0.0,4,-4,Yes,3055814919
284,8,284,78,8,5,8,1,2,2,0.17,5,-4,Yes,1494943542
158,2,110,26,1,0,9,1,2,2,0.0,1,-1,Yes,3473409433
421,12,353,96,8,1,10,1,2,2,0.0,1,-1,Yes,1926089704
177,4,177,106,4,3,5,1,2,2,-0.17,1,-2,Yes,3184728721
85,0,85,15,0,0,8,1,3,3,-0.17,0,-1,Yes,243347754
785,4,305,103,3,0,16,2,3,2,0.0,2,-2,Yes,2592092645
708,1,214,68,0,0,16,2,3,2,0.0,0,0,Yes,3371960751
485,23,252,72,18,3,15,1,3,3,0.0,2,-2,Yes,2555103705
185,1,185,54,1,1,8,2,3,2,0.0,0,0,Yes,933356239
156,1,156,156,1,1,2,1,3,3,0.0,1,-1,Yes,1480727886
173,4,173,77,4,0,8,2,3,2,-0.67,0,-4,Yes,1512428986
485,0,163,45,0,0,13,1,3,3,0.0,0,0,Yes,3233632541
467,11,463,164,11,5,8,1,3,3,0.0,0,0,Yes,1375915775
349,9,154,54,4,1,15,1,3,3,0.0,1,-1,Yes,1836463767
195,2,195,195,2,2,2,3,3,1,0.0,0,0,Yes,22666408
134,2,81,6,1,0,9,2,4,3,0.0,1,-1,Yes,2575658750
227,4,197,47,4,2,9,3,4,2,0.0,2,-1,Yes,765692742
69,1,69,29,1,1,8,3,4,2,0.0,1,-1,Yes,2361491902
255,2,255,255,2,2,4,1,4,4,-0.5,0,-3,Yes,2172665515
1203,3,437,95,1,0,11,1,4,4,0.0,0,0,Yes,3347148152
263,3,143,12,2,0,9,1,4,4,-0.33,0,-2,Yes,2535116152
2312,14,2312,809,14,6,8,2,5,4,-0.83,4,-5,Yes,952388564
721,3,126,23,0,0,18,1,5,5,0.0,0,0,Yes,2460044383
131,0,131,69,0,0,8,2,5,4,0.0,0,0,Yes,96365475
211,17,211,211,17,17,2,2,6,5,0.0,0,0,Yes,3724613217
1221,6,691,115,6,2,9,1,6,6,-0.17,2,-2,Yes,3622463806
789,0,348,127,0,0,16,1,6,6,0.0,0,0,Yes,4142982047
178,0,178,32,0,0,8,1,6,6,0.0,0,0,Yes,1770778937
1173,25,476,125,12,2,16,1,6,6,0.0,2,-2,Yes,1063477179
121,4,32,4,2,0,16,4,6,3,0.0,2,-2,Yes,3895516027
502,7,367,105,6,2,9,1,6,6,0.0,2,-2,Yes,2790870527
348,18,189,38,15,3,15,2,6,4,0.0,2,-1,Yes,1947068904
205,0,205,48,0,0,8,1,6,6,0.0,0,0,Yes,1965226621
224,8,224,40,8,3,8,1,6,6,0.0,1,-1,Yes,1867543741
247,8,153,33,2,1,9,2,7,4,0.0,1,-1,Yes,3529246538
1325,17,1325,477,17,5,8,2,7,6,-0.33,0,-2,Yes,1055511063
424,6,174,58,4,3,15,2,7,5,0.0,2,-3,Yes,2025609494
381,6,180,78,5,4,16,4,7,3,0.0,4,-4,Yes,4082509314
570,25,570,570,25,25,2,1,7,7,0.0,0,0,Yes,271403085
652,8,436,133,5,1,9,5,8,4,-0.17,1,-1,Yes,2360552812
243,4,243,83,4,1,8,3,8,6,-0.33,1,-2,Yes,3902183022
976,8,65,20,2,0,24,1,8,8,-0.33,0,-2,Yes,955074157
326,9,136,51,1,1,15,1,9,9,0.0,0,0,Yes,3733231564
1205,21,1205,998,21,16,5,2,9,6,0.0,0,0,Yes,1600535469
467,9,285,60,4,0,9,4,9,5,-0.5,0,-3,Yes,3466567593
571,32,420,67,28,10,9,4,9,6,-0.67,0,-2,Yes,2716594956
409,10,409,409,10,10,4,2,10,7,-0.33,3,-3,Yes,3903698011
598,17,156,30,4,1,14,6,10,4,0.0,1,-1,Yes,2017695653
660,5,321,134,3,3,15,3,10,7,0.0,0,0,Yes,2464841802
808,7,439,141,1,1,15,3,10,7,0.0,0,0,Yes,831780502
482,9,216,35,6,5,15,2,11,10,0.0,2,-2,Yes,1348562454
279,17,160,38,12,1,9,3,11,8,-0.33,1,-2,Yes,2156174299
428,21,205,11,11,0,13,4,12,9,0.0,0,0,Yes,660996215
719,14,612,193,8,3,9,1,12,12,-0.33,1,-2,Yes,904535422
618,8,73,33,0,0,29,2,12,11,0.0,0,0,Yes,3110058957
422,3,422,113,3,2,8,6,13,7,0.0,2,-2,Yes,1847238518
2023,17,256,79,6,0,23,2,13,12,0.0,0,0,Yes,1660635442
302,14,302,302,14,14,1,3,13,9,0.0,0,0,Yes,1000668901
379,12,269,80,12,0,11,3,13,10,0.0,0,0,Yes,2811778506
1226,20,41,6,2,0,29,2,14,13,0.0,0,0,Yes,55001535
606,16,606,111,16,8,8,2,14,13,0.0,1,-1,Yes,868127140
2162,23,598,172,6,3,17,2,15,14,0.0,0,0,Yes,992276024
329,3,329,73,3,0,8,2,15,14,0.0,0,0,Yes,3791527362
441,3,441,162,3,3,8,2,16,13,-0.17,1,-1,Yes,1577683999
1522,43,102,30,6,5,25,3,16,10,-0.5,0,-2,Yes,1004421505
551,9,370,135,4,0,14,4,17,12,-0.33,2,-2,Yes,3561621508
948,25,274,66,7,1,10,3,18,10,0.0,1,-1,Yes,3131340141
506,35,506,506,35,35,3,3,19,14,0.0,0,0,Yes,1554909849
828,24,37,11,2,0,35,3,19,16,-0.17,0,-1,Yes,2254824409
1936,46,206,55,11,1,29,1,19,19,0.0,0,0,Yes,3992421823
692,12,692,255,12,2,8,2,20,18,0.0,1,-1,Yes,2647029874
790,19,326,130,7,4,15,3,20,17,0.0,2,-3,Yes,270882573
1173,77,1166,348,77,16,8,4,23,13,-0.33,0,-2,Yes,1564882654
692,13,394,175,8,5,14,5,28,23,0.0,4,-4,Yes,680397664
2072,64,417,146,25,11,20,7,29,17,-0.67,3,-5,Yes,1637541809
1050,9,829,277,5,2,15,2,29,24,0.0,2,-2,Yes,679686454
1388,24,623,241,7,1,16,4,37,26,0.0,0,0,Yes,3821848107
2709,23,2709,2367,23,19,5,3,37,30,0.0,0,0,Yes,1721175000
3164,57,359,139,11,2,24,4,39,30,0.0,0,0,Yes,811338398
3527,60,143,26,3,1,24,3,39,28,-0.17,0,-1,Yes,967441680
3543,39,208,36,5,1,24,2,43,41,-0.17,0,-1,Yes,1083012374
4391,35,265,88,4,2,34,5,43,31,0.0,0,0,Yes,3597334280
1648,98,1067,224,65,9,9,4,47,32,0.0,0,0,Yes,3690956999
6664,68,3664,1661,29,12,14,3,48,42,0.0,0,0,Yes,1590196966
5106,125,275,31,11,1,23,3,54,42,0.0,0,0,Yes,1191284330
27,2,27,6,2,2,8,0,0,0,0.0,1,-1,Yes,4196627586
236,2,65,27,0,0,17,0,0,0,0.0,0,0,Yes,3603876720
29,1,11,6,0,0,24,0,0,0,0.0,0,0,Yes,709991141
141,3,141,57,3,0,8,1,1,1,-0.33,1,-2,Yes,3466378328
72,0,19,7,0,0,15,1,1,1,0.0,0,0,Yes,2298396494
201,5,200,71,5,2,8,1,1,1,0.0,1,-1,Yes,2793821341
71,0,71,4,0,0,8,1,1,1,0.0,0,0,Yes,4199836045
285,4,108,53,2,2,16,1,2,2,0.0,2,-2,Yes,2488674971
332,2,112,33,2,0,13,1,2,2,-0.17,0,-1,Yes,4010400506
134,3,66,26,0,0,11,2,3,2,0.0,0,0,Yes,145855806
167,5,81,25,1,0,14,2,3,2,0.0,0,0,Yes,1762794465
716,7,397,134,4,0,15,1,3,3,0.0,3,-3,Yes,987172377
292,0,118,34,0,0,16,1,3,3,0.0,0,0,Yes,1934033105
564,15,158,76,0,0,24,1,4,4,0.0,0,0,Yes,2398617292
178,2,75,17,1,1,15,2,4,3,0.0,1,-1,Yes,2994585502
489,13,69,20,0,0,21,2,5,4,0.0,0,0,Yes,3408606571
1044,5,274,63,1,0,19,2,5,4,0.0,0,0,Yes,2586313293
1615,9,55,21,0,0,32,2,6,5,0.0,0,0,Yes,2678951083
41,0,41,8,0,0,8,2,6,4,0.0,1,-1,Yes,3967378595
528,18,143,39,1,0,23,2,6,4,0.0,0,0,Yes,1933466144
496,12,416,48,9,2,9,2,6,5,0.0,2,-2,Yes,1327953740
392,22,203,118,16,14,10,2,7,5,0.0,0,0,Yes,295798539
186,3,185,74,3,1,8,2,7,5,0.0,1,-1,Yes,3365118813
155,1,155,53,1,0,8,1,7,7,0.0,5,-5,Yes,1974490046
568,7,164,31,2,0,17,1,7,7,0.0,0,0,Yes,1450681579
637,5,213,75,2,0,22,1,8,8,0.0,1,-1,Yes,4250423515
103,5,101,8,5,0,8,2,8,7,0.0,4,-4,Yes,1005103808
293,15,194,48,11,5,9,3,9,6,-0.83,1,-3,Yes,1184091882
306,16,97,13,2,0,14,3,11,8,0.0,0,0,Yes,1942391831
874,4,240,43,0,0,16,5,15,10,0.0,0,0,Yes,1975577044
1676,14,655,269,5,2,23,2,15,14,0.0,0,0,Yes,3360380505
390,5,390,115,5,2,8,3,16,14,-0.5,1,-2,Yes,353256564
1110,14,1110,702,14,9,8,4,17,12,0.0,0,0,Yes,4251829401
657,13,657,167,13,4,8,2,17,14,-0.17,0,-1,Yes,4259945519
556,38,313,110,28,9,16,7,19,11,0.17,1,-1,Yes,3425614193
549,22,544,98,22,3,9,2,19,17,0.0,0,0,Yes,1232296810
339,21,338,94,21,11,8,5,22,13,-1.17,0,-6,Yes,3041488459
1732,29,530,204,20,7,22,4,23,13,-0.17,0,-1,Yes,1897585464
1629,10,479,144,2,0,14,3,23,19,-0.17,0,-1,Yes,3937819721
1674,29,512,141,17,2,15,3,25,20,0.0,0,0,Yes,2295444566
577,25,167,37,6,2,16,9,25,13,0.0,0,0,Yes,3279952664
2299,41,693,244,7,0,24,4,26,18,0.0,0,0,Yes,107191947
646,41,202,47,17,3,23,4,27,20,0.0,0,0,Yes,1312113562
559,16,242,67,10,6,15,5,28,19,0.0,1,-1,Yes,1016689568
610,12,610,190,12,0,8,4,29,22,0.0,0,0,Yes,2707721992
2586,36,727,135,11,2,21,4,37,31,0.0,2,-2,Yes,534691022
1491,52,618,144,20,6,17,4,41,30,0.0,0,0,Yes,1239032613
1360,3,713,273,2,1,15,5,41,29,0.17,3,-2,Yes,1373287534
2490,71,1044,343,22,6,16,4,42,29,0.0,0,0,Yes,2816826053
508,7,508,125,7,2,8,5,51,29,0.0,15,-15,Yes,3095721199
1229,33,1229,466,33,2,8,7,91,62,0.0,0,0,Yes,1135788991
86,4,86,34,4,0,8,1,2,2,0.0,0,0,Yes,494482616
216,2,94,27,2,2,12,1,2,2,0.33,2,0,Yes,2460535025
250,5,54,13,0,0,28,1,2,2,0.0,0,0,Yes,1499579933
216,3,89,14,0,0,16,2,4,3,0.0,0,0,Yes,69984126
908,2,324,132,0,0,24,2,4,3,0.0,0,0,Yes,1496071328
720,6,180,66,2,2,30,1,6,6,0.0,2,-2,Yes,2926317899
130,1,130,44,1,0,8,3,7,5,0.0,1,-1,Yes,1074297697
575,11,113,41,3,1,32,1,8,8,-0.33,1,-2,Yes,3600209282
292,2,292,292,2,2,4,5,8,4,0.0,2,-2,Yes,2058653053
757,7,158,47,1,0,29,2,8,7,0.0,0,0,Yes,4218900562
1768,8,480,185,0,0,23,2,8,7,0.0,0,0,Yes,2533770367
510,6,172,69,4,4,23,3,8,6,-0.67,0,-4,Yes,1435131359
229,8,44,14,3,2,27,1,9,9,-0.17,2,-2,Yes,4090340636
78,5,78,24,5,0,8,2,11,10,0.0,1,-1,Yes,380582622
368,2,368,107,2,0,8,3,11,8,0.33,3,-2,Yes,1905411572
1413,16,232,42,1,0,21,3,12,8,0.0,0,0,Yes,2898223089
60,7,60,60,7,7,2,4,12,6,0.0,2,-2,Yes,3194520134
422,9,203,40,6,0,15,3,12,10,0.0,0,0,Yes,3046972881
386,7,150,150,1,1,12,3,12,8,0.83,6,-6,Yes,654879065
1148,39,301,82,10,3,23,4,14,11,-0.17,0,-1,Yes,2961034097
2984,24,495,151,5,4,32,2,16,15,0.0,2,-2,Yes,726133474
1024,34,273,56,15,10,19,3,18,14,0.0,10,-10,Yes,3935534139
620,29,620,181,29,11,8,3,23,20,0.0,0,0,Yes,2755464945
1324,33,437,229,11,3,31,6,25,19,-0.17,1,-2,Yes,805480673
466,3,91,10,1,0,14,5,25,17,-0.83,1,-4,Yes,3983281022
1736,38,599,179,16,8,21,2,25,19,0.0,0,0,Yes,1072282130
1825,43,1444,710,20,8,10,3,30,25,-0.33,3,-4,Yes,1834363466
4502,38,454,176,6,4,37,5,39,26,0.33,2,-1,Yes,4011573058
893,11,170,24,0,0,21,14,42,25,0.5,3,-1,Yes,3815390995
2191,29,717,258,13,5,24,4,65,46,0.0,0,0,Yes,3977277321
829,72,349,190,23,15,13,7,65,43,-0.67,3,-7,Yes,3375994549
1176,28,1176,324,28,7,8,7,106,72,-0.5,0,-3,Yes,3302648915
136,4,17,8,0,0,38,1,2,2,0.0,0,0,Yes,66748716
398,3,185,56,1,1,16,2,4,2,0.0,1,-1,Yes,2381354028
363,3,155,58,0,0,11,2,5,4,0.0,0,0,Yes,2863385175
1484,46,458,147,19,13,35,1,6,6,-0.17,3,-4,Yes,1430235223
463,10,106,45,7,5,31,1,7,7,0.0,5,-5,Yes,1120192235
559,14,78,24,0,0,26,2,8,7,-0.17,0,-1,Yes,3854318312
1081,13,436,168,4,0,16,4,8,4,0.33,2,0,Yes,290896743
1097,21,1097,806,21,19,6,2,9,8,0.0,0,0,Yes,2024498176
18,0,18,4,0,0,8,2,10,9,0.0,0,0,Yes,3897774975
503,5,120,52,3,3,32,3,10,8,0.0,3,-3,Yes,3386690893
651,1,121,34,0,0,26,3,13,10,0.0,0,0,Yes,2518424171
1318,10,657,257,4,1,16,3,13,10,0.0,0,0,Yes,2197924342
1478,25,717,444,12,9,28,3,17,14,-0.67,0,-3,Yes,3164287321
422,6,198,66,3,1,10,3,17,13,0.0,0,0,Yes,1946654322
775,14,235,43,9,4,13,4,18,14,-0.17,1,-1,Yes,1352773689
443,3,208,86,1,1,16,6,19,11,0.0,1,-1,Yes,1420522800
603,14,113,32,2,1,37,6,20,10,-0.17,1,-1,Yes,2889876572
561,26,115,49,4,4,36,1,22,22,0.0,2,-2,Yes,4155670014
2188,16,237,82,3,0,30,8,37,24,-0.17,0,-1,Yes,2830859237
917,82,256,53,26,3,21,8,41,23,-0.17,4,-3,Yes,2024898748
1432,86,317,61,15,1,39,3,45,34,0.0,0,0,Yes,4054790101
2223,5,1239,332,4,1,16,12,68,43,0.0,3,-2,Yes,1181529758
568,5,143,64,1,1,32,1,2,2,0.0,1,-1,Yes,868360930
141,5,34,16,1,1,38,1,2,2,0.0,1,-1,Yes,1168063905
341,3,54,12,1,0,38,1,2,2,-0.17,0,-1,Yes,4216135695
976,4,416,104,2,1,18,1,3,3,0.0,0,0,Yes,4280728145
1496,5,332,84,1,0,35,1,5,5,0.0,2,-2,Yes,1111666674
553,4,146,47,0,0,28,1,7,7,0.0,0,0,Yes,1119132148
1627,20,1395,547,17,4,10,2,8,6,0.0,0,0,Yes,2039599969
1685,29,332,112,5,0,32,3,11,7,0.0,1,-1,Yes,2604305612
697,29,92,41,3,2,33,2,11,10,-0.67,0,-3,Yes,1853053271
153,2,153,37,2,0,8,2,13,12,0.0,0,0,Yes,3308165438
1854,14,483,107,1,0,31,1,13,13,0.0,0,0,Yes,3009203504
1945,44,448,83,20,4,24,2,13,10,-1.67,2,-7,Yes,709350114
472,4,77,17,2,0,32,3,15,9,0.0,0,0,Yes,1406064204
906,9,488,174,8,8,13,3,15,12,0.0,0,0,Yes,247451411
807,21,371,149,2,1,15,3,16,13,-0.17,2,-3,Yes,1332812586
4105,56,757,223,10,2,39,3,19,17,0.0,0,0,Yes,3070913013
1037,6,201,57,2,0,34,3,21,18,0.0,0,0,Yes,912039974
148,5,54,19,0,0,24,3,23,18,0.0,1,-1,Yes,3596740796
1427,32,373,61,5,3,23,5,23,15,0.0,2,-2,Yes,695198132
899,10,68,22,0,0,38,5,24,17,-0.17,1,-1,Yes,2330780144
530,10,530,221,10,5,8,3,25,19,-0.17,0,-1,Yes,1795191380
4320,38,789,227,10,3,29,3,28,24,-0.17,0,-1,Yes,1190426105
4455,122,1412,552,51,29,31,8,287,191,0.33,28,-21,Yes,2829194076
669,15,115,43,4,0,41,3,36,25,0.0,0,0,Yes,1608558819
1293,25,198,54,6,2,29,5,40,29,0.0,0,0,Yes,1145811035
1554,8,328,66,2,0,18,4,40,25,0.0,2,-2,Yes,990596751
1123,28,244,77,12,6,32,4,41,31,0.0,0,0,Yes,3165791066
6105,55,1659,738,15,7,22,5,51,36,0.0,0,0,Yes,1083359967
2451,143,1019,247,68,29,20,4,51,35,0.0,0,0,Yes,4164752290
2451,143,1019,247,68,29,20,4,51,35,0.0,0,0,Yes,4164752290
304,4,32,19,1,0,37,2,4,3,0.0,1,-1,Yes,3331096114
1606,11,516,197,7,4,18,2,14,12,0.0,2,-1,Yes,525989111
499,0,496,199,0,0,8,3,23,16,0.0,1,-1,Yes,2349655085
1040,17,232,87,3,2,31,3,26,22,0.0,0,0,Yes,3686790114
1617,14,445,151,8,3,23,3,39,30,0.0,0,0,Yes,1456042498
2044,80,963,515,23,16,17,5,111,79,0.0,0,0,Yes,3651904674
353,3,276,83,2,0,11,2,9,8,0.17,3,-3,Yes,1241137398
491,18,103,27,5,1,27,3,16,9,-0.17,0,-1,Yes,3056489436
564,22,202,71,15,9,22,4,18,9,0.0,0,0,Yes,40119531
262,28,62,6,9,1,24,3,20,16,0.0,2,-4,Yes,21261697
242,9,94,56,6,4,18,2,26,25,0.0,0,0,Yes,874806825
4493,30,1491,1143,21,17,33,9,47,28,0.0,0,0,Yes,3599443521
7557,60,698,438,6,6,43,4,90,73,0.0,0,0,Yes,3753321755
1007,14,197,55,3,3,37,1,4,4,0.0,0,0,Yes,2540011768
524,4,90,39,0,0,27,3,8,5,0.0,0,0,Yes,3812718346
1609,12,182,92,2,2,43,1,8,8,-0.33,0,-2,Yes,2040111023
1288,10,217,59,4,0,24,3,8,6,0.0,1,-1,Yes,1186650706
1343,8,562,233,1,0,21,2,11,10,-0.33,0,-2,Yes,910296436
756,8,219,52,4,0,13,2,12,10,0.0,1,-1,Yes,3976266622
842,5,219,53,1,0,31,3,15,10,0.0,1,-1,Yes,4187491540
3977,37,882,645,11,6,30,13,18,6,0.0,0,0,Yes,3773904644
1371,19,196,50,0,0,39,2,22,17,-0.17,0,-1,Yes,921262699
162,0,162,72,0,0,7,4,37,28,0.5,3,-1,Yes,527057612
390,4,390,183,4,1,6,5,39,26,0.67,8,-4,Yes,693442849
4546,58,686,183,17,8,21,4,69,52,0.0,0,0,Yes,1661746777
4687,141,633,97,14,1,38,8,105,66,0.0,0,0,Yes,3980195735
1618,12,227,55,0,0,41,3,14,10,0.0,1,-1,Yes,1385311998
718,11,83,21,1,0,42,4,18,12,0.0,0,0,Yes,2511419567
637,36,108,108,27,27,18,2,8,7,0.0,1,-1,Yes,1025974017
1476,23,105,35,6,2,32,2,16,14,-0.33,0,-2,Yes,1212836689
2069,13,280,133,0,0,40,3,35,29,0.0,0,0,Yes,2988938619
82,0,78,20,0,0,8,3,25,21,0.0,2,-2,Yes,895520076
770,6,749,316,6,3,9,3,57,49,0.5,7,-4,Yes,2225642156
330,1,78,11,0,0,22,3,37,28,-0.17,4,-4,Yes,1818652717
2621,43,431,154,1,1,39,5,42,24,-0.17,1,-1,Yes,12014741
878,21,135,28,2,2,37,3,49,43,0.0,4,-3,Yes,3311809147
32,5,32,15,5,0,8,0,0,0,0.0,3,-4,Other,451051294
825,10,825,825,10,10,3,2,6,5,0.0,5,-2,Other,295246964
96,4,96,96,4,4,1,2,6,5,0.0,4,-4,Other,2170922913
152,2,70,7,0,0,10,1,1,1,-0.33,0,-2,Other,898991865
739,21,39,22,4,3,30,2,13,11,0.0,1,-1,Other,3294889311
979,16,979,697,16,14,7,3,17,15,0.0,0,0,Other,3932126171
264,2,85,84,0,0,15,1,5,5,0.0,0,0,Other,1114947133
332,36,108,49,14,9,22,7,18,10,0.0,4,-3,Other,2423606115
4810,205,1376,236,67,24,35,4,89,68,0.0,0,0,Other,217057857
78,3,78,8,3,0,8,0,0,0,-0.17,1,-2,Other,3701012834
165,4,165,165,4,4,2,1,1,1,0.0,2,-3,Other,2871993582
32,0,32,32,0,0,2,1,1,1,0.0,0,0,Other,2407792161
10,0,10,10,0,0,4,1,1,1,0.0,0,0,Other,3830377957
111,0,111,68,0,0,5,1,1,1,0.0,0,0,Other,2795080584
39,0,39,14,0,0,8,2,2,1,0.0,0,0,Other,4229530837
222,23,222,72,23,5,8,2,7,6,-0.33,1,-1,Other,3631600558
279,10,279,279,10,10,3,4,7,4,-0.33,2,-4,Other,2456542072
129,8,129,129,8,8,2,4,8,5,0.0,0,0,Other,2402830372
904,7,904,904,7,7,4,5,14,9,0.0,0,0,Other,432344182
146,5,146,146,5,5,3,0,0,0,0.0,5,-5,Other,2826273230
428,6,165,42,2,2,15,1,1,1,0.0,1,-1,Other,1881005853
410,15,410,410,15,15,1,2,6,5,0.0,15,-15,Other,952899229
1031,8,522,122,5,1,14,3,11,9,-0.17,1,-1,Other,3812062416
1580,27,806,236,18,12,10,5,76,62,-0.5,1,-3,Other,1041706637
1760,23,1760,1072,23,18,7,2,20,17,0.0,0,0,Other,1583936493
6318,88,1671,805,20,8,31,3,58,46,0.0,0,0,Other,3822793948
913,5,131,31,1,1,28,1,7,7,0.0,1,-1,Other,3390868099
373,11,98,75,4,2,34,2,19,14,0.0,0,0,Other,1034245054
90,0,90,14,0,0,8,0,0,0,0.0,0,0,No,1397683415
79,3,79,79,3,3,1,0,0,0,0.5,3,0,No,1070169190
225,6,225,77,6,4,8,0,0,0,0.0,4,-4,No,554781203
108,3,108,108,3,3,2,0,0,0,0.0,0,0,No,4053510695
105,2,105,51,2,2,8,0,0,0,0.0,1,-1,No,2325091400
13,0,13,13,0,0,2,0,0,0,0.0,0,0,No,3973002298
281,2,281,146,2,0,5,0,0,0,0.0,2,-2,No,872288333
230,4,230,71,4,0,8,0,0,0,-0.33,0,-1,No,1398914604
66,4,66,4,4,1,8,0,0,0,0.17,2,-2,No,1242212083
153,2,153,62,2,1,8,0,0,0,-0.17,1,-1,No,1189130580
299,3,299,72,3,0,8,0,0,0,0.0,1,-1,No,212696597
19,0,19,19,0,0,2,0,0,0,0.0,0,0,No,3399823937
330,4,330,76,4,1,8,0,0,0,0.17,1,-1,No,2699422346
69,3,69,17,3,0,8,0,0,0,0.0,1,-2,No,594162595
86,2,86,22,2,0,8,0,0,0,0.0,0,0,No,877885326
122,5,122,10,5,0,8,1,1,1,-0.33,2,-2,No,3973767671
161,4,161,50,4,0,8,1,1,1,-0.17,1,-1,No,1469313548
276,8,276,79,8,2,8,1,1,1,0.0,2,-2,No,1909865585
181,7,181,52,7,5,8,1,1,1,-0.17,3,-3,No,1194109528
51,5,51,22,5,3,8,1,1,1,0.17,2,-2,No,2971971284
370,6,370,75,6,0,8,1,1,1,0.0,2,-2,No,3679425557
92,4,92,32,4,1,8,1,1,1,0.0,1,-1,No,3624395719
113,1,113,70,1,1,5,1,1,1,0.0,1,-1,No,3134877466
141,6,141,45,6,1,8,1,1,1,-0.67,1,-4,No,2549429426
204,3,204,42,3,1,8,1,1,1,0.0,1,-1,No,904949493
105,0,105,20,0,0,8,1,1,1,0.0,0,0,No,3075449652
74,0,74,6,0,0,8,1,1,1,0.0,0,0,No,3553269136
144,1,144,43,1,0,8,1,1,1,0.0,0,0,No,133443013
175,0,175,38,0,0,8,1,1,1,0.0,0,0,No,2455776298
320,0,320,96,0,0,8,1,1,1,0.0,0,0,No,1752591474
127,7,127,29,7,6,8,1,1,1,-0.17,6,-6,No,1779572416
686,19,686,206,19,6,8,1,2,2,-0.33,0,-2,No,2077076763
66,0,66,66,0,0,2,1,2,2,0.0,0,0,No,3122949078
192,5,192,44,5,1,8,2,2,1,-0.5,1,-3,No,4247598361
571,4,571,190,4,0,8,1,2,2,-0.5,0,-3,No,238455796
239,0,239,46,0,0,8,1,2,2,0.0,0,0,No,2049033112
83,16,83,83,16,16,3,1,2,2,0.0,8,-4,No,2584006295
83,3,83,83,3,3,3,1,2,2,0.0,1,-2,No,2721176574
204,3,204,44,3,1,8,1,2,2,-0.17,1,-1,No,3779018602
304,1,304,83,1,0,8,1,2,2,0.0,0,0,No,743638903
40,5,24,4,1,1,15,1,2,2,0.0,1,-1,No,2733339721
193,1,193,193,1,1,2,1,2,2,0.17,1,0,No,675336104
170,8,170,26,8,0,8,1,3,3,-0.5,1,-3,No,3783496235
139,5,139,139,5,5,4,1,3,3,0.0,5,-5,No,2453069827
367,4,367,87,4,2,8,1,3,3,-0.33,2,-2,No,3006311765
855,2,855,278,2,0,8,2,3,2,-0.17,0,-1,No,278697989
169,0,169,36,0,0,8,1,3,3,0.0,0,0,No,3649901457
46,1,46,8,1,0,8,1,3,3,0.0,0,0,No,3306869130
21,2,21,8,2,2,8,1,3,3,0.0,1,-1,No,3472093765
196,10,196,35,10,4,8,2,3,2,0.0,2,-2,No,3338642930
277,6,277,70,6,0,8,1,3,3,-0.33,0,-2,No,1501637208
139,2,139,29,2,0,8,1,3,3,0.0,0,0,No,4234641039
127,5,127,127,5,5,2,2,3,2,0.0,0,0,No,3519836151
342,4,342,342,4,4,2,2,4,3,0.17,3,-2,No,11481314
260,7,260,56,7,1,8,2,4,3,0.0,1,-1,No,2369698265
392,9,392,68,9,6,8,1,4,4,0.0,2,-4,No,1977478082
213,7,213,48,7,1,8,2,4,3,-0.5,1,-2,No,2324563649
399,1,399,101,1,0,8,1,4,4,0.0,0,0,No,4128916039
247,12,247,165,12,8,5,1,4,4,-0.67,2,-2,No,1459210812
144,1,144,33,1,0,8,1,5,5,0.0,0,0,No,3430714840
135,0,135,45,0,0,7,2,5,4,0.0,0,0,No,1204964535
291,5,291,291,5,5,4,2,5,4,0.0,2,-2,No,2712248966
308,21,308,105,21,8,8,2,6,5,-0.67,0,-4,No,2497272176
261,3,261,261,3,3,4,2,6,5,-0.5,0,-3,No,925827420
367,6,367,126,6,3,8,2,6,5,-0.17,2,-3,No,302048270
560,2,560,148,2,0,8,2,6,4,-0.17,0,-1,No,1937757532
323,7,323,112,7,2,7,2,6,5,0.0,1,-1,No,2090364035
852,24,852,273,24,10,8,2,7,6,-0.33,3,-5,No,1311927734
822,3,822,317,3,1,7,3,7,5,0.0,1,-1,No,3885315563
609,10,609,185,10,8,8,2,7,5,0.0,0,0,No,2377256249
152,13,152,48,13,10,7,2,7,6,0.17,3,-5,No,3128113709
481,5,481,94,5,2,8,4,7,4,0.0,0,0,No,554304939
422,2,422,91,2,1,8,8,8,1,0.0,1,-1,No,188334046
252,1,252,70,1,0,8,2,8,5,0.0,0,0,No,997887131
346,6,346,112,6,0,8,3,9,6,-0.17,1,-2,No,3605233022
533,7,533,247,7,3,6,2,9,7,0.0,0,0,No,668398268
170,9,170,56,9,6,8,2,10,7,-0.5,4,-3,No,29971170
675,10,675,135,10,9,8,2,10,9,0.0,3,-6,No,2727946054
364,13,364,38,13,5,8,2,10,9,-0.5,0,-3,No,3302438744
544,12,544,171,12,4,8,5,11,7,0.0,3,-3,No,655174480
425,17,425,425,17,17,4,3,12,10,0.0,8,-6,No,3712642655
700,27,700,700,27,27,2,2,14,12,3.17,11,0,No,3979948558
934,30,934,499,30,13,6,3,16,12,0.0,0,0,No,2425117477
442,17,442,144,17,5,8,5,17,12,-0.5,2,-3,No,615419625
845,8,845,348,8,2,8,2,20,17,0.0,0,0,No,2179857424
457,14,457,142,14,5,8,3,21,16,-0.67,0,-4,No,2558299629
554,9,554,183,9,2,8,6,28,19,0.0,0,0,No,2177400146
985,59,985,333,59,22,8,6,31,20,-2.33,3,-8,No,1873815183
1502,34,1502,1285,34,31,5,3,32,25,0.0,0,0,No,1913563969
145,6,145,63,6,4,8,0,0,0,0.0,3,-2,No,3295730318
0,0,0,0,0,0,1,0,0,0,0.0,0,0,No,2293655931
140,7,135,135,7,7,3,0,0,0,0.0,5,-3,No,899424948
337,3,336,106,3,0,8,0,0,0,0.0,2,-2,No,1285864821
159,2,159,42,2,0,8,1,1,1,0.0,2,-2,No,1977738986
56,0,56,17,0,0,8,1,1,1,0.0,0,0,No,1010209131
325,1,243,114,1,0,11,1,1,1,0.0,0,0,No,2790739478
175,1,175,43,1,0,8,1,2,2,0.0,0,0,No,3567165836
217,5,105,25,3,2,12,1,2,2,0.0,2,-2,No,1143123282
89,6,89,36,6,4,8,2,3,2,-0.67,0,-4,No,2723657108
609,6,301,100,3,0,14,1,4,4,-0.17,0,-1,No,3704555116
195,2,75,17,1,0,11,3,4,2,0.0,0,0,No,700362096
260,2,94,16,0,0,10,1,4,4,0.0,0,0,No,2278745173
526,4,241,83,1,0,16,4,4,1,0.0,0,0,No,595135000
2414,23,227,66,1,0,24,2,4,3,0.0,0,0,No,1998695427
257,8,257,51,8,0,6,2,5,4,0.0,0,0,No,1809987924
135,10,135,135,10,10,1,2,5,4,0.0,10,-10,No,2379721802
1470,19,1470,540,19,11,7,2,6,3,0.0,0,0,No,2770132019
128,23,128,128,23,23,1,5,6,2,0.0,23,-23,No,1171090485
1162,13,808,209,9,4,11,2,7,6,0.0,0,0,No,1102565485
218,0,218,218,0,0,2,1,7,7,0.0,1,-1,No,3330265492
2047,6,969,489,4,2,13,1,7,7,-0.17,0,-1,No,2860569261
662,10,662,107,10,2,8,1,8,8,-0.67,1,-5,No,3200867006
999,6,515,160,2,2,11,2,9,8,0.0,2,-2,No,2869248480
571,12,330,89,2,0,13,3,9,7,0.0,0,0,No,2155363486
330,12,330,330,12,12,2,2,11,10,0.0,0,0,No,2133763704
528,21,527,122,21,6,8,2,12,10,-0.17,3,-3,No,2789351193
763,20,763,754,20,20,5,2,13,12,0.0,0,0,No,2242651298
756,16,133,44,7,4,18,2,14,12,0.0,0,0,No,1562869502
923,11,923,625,11,8,5,3,18,14,0.0,0,0,No,1807520898
500,5,500,107,5,2,8,3,20,17,-0.17,1,-1,No,287484144
1079,11,604,98,10,2,11,2,20,18,-0.17,0,-1,No,2261893298
2052,28,2052,1524,28,18,6,3,21,16,-0.67,0,-4,No,3958503342
990,24,449,135,15,5,16,5,23,17,0.0,0,0,No,612285507
1277,35,44,11,3,0,37,3,25,19,0.0,0,0,No,3499244690
1124,36,364,76,23,6,18,4,31,21,-1.5,6,-6,No,272328419
3333,27,243,33,1,0,23,3,31,23,0.0,1,-1,No,3421341500
3776,75,1161,360,17,7,18,3,43,31,0.0,0,0,No,401981976
2053,73,137,47,11,0,31,7,66,44,0.0,0,0,No,1629719396
3810,50,1834,546,19,3,14,4,74,54,0.0,0,0,No,254580632
152,0,89,32,0,0,11,0,0,0,0.0,0,0,No,820198972
74,0,31,6,0,0,15,1,1,1,0.0,0,0,No,2255713247
211,6,211,209,6,6,5,1,2,2,0.0,2,-2,No,4226515264
74,6,74,63,6,6,5,1,3,3,0.0,6,-6,No,4244987275
611,5,323,86,2,0,16,2,7,5,0.0,2,-2,No,2299299138
1164,18,88,38,1,0,32,1,8,8,0.0,0,0,No,3592173950
1029,32,56,11,3,2,32,1,8,8,0.0,2,-2,No,1918481109
632,2,345,84,2,1,10,2,8,6,0.0,1,-1,No,3486744328
1098,20,601,240,11,5,14,3,8,6,0.0,0,0,No,4086369029
1304,9,477,151,3,1,16,1,8,8,-0.17,1,-1,No,57489141
1084,22,79,54,0,0,27,4,11,5,0.0,0,0,No,721598700
650,24,97,10,0,0,23,3,13,11,0.0,0,0,No,2934811875
527,9,150,108,6,4,13,5,14,6,0.33,2,-2,No,3873595665
1784,20,419,126,9,2,20,3,15,12,-0.17,2,-2,No,2304864423
2688,36,594,307,12,5,39,3,19,15,0.0,0,0,No,255235064
985,14,379,67,7,3,14,3,19,17,-0.17,2,-3,No,2735750343
1779,31,754,229,7,4,15,3,21,16,0.0,0,0,No,1895174134
923,42,440,221,25,13,11,3,24,17,-0.17,0,-1,No,513784086
1324,6,264,50,0,0,16,12,25,12,0.0,0,0,No,4194492966
1780,14,334,84,2,1,24,4,27,19,0.0,1,-1,No,1479238163
2528,31,664,615,15,12,16,5,30,23,0.0,0,0,No,2876149264
2341,39,864,436,13,7,20,5,42,35,0.0,0,0,No,3133808808
396,8,91,19,3,0,25,1,4,4,-0.33,1,-2,No,4082785264
1014,25,741,323,22,14,10,2,4,3,0.0,14,-14,No,1544687041
356,7,153,101,6,6,18,1,6,6,0.0,2,-2,No,528924324
730,9,223,63,4,1,22,1,8,8,0.0,1,-1,No,1532490954
1222,11,265,77,3,2,24,2,11,9,0.0,1,-1,No,537435927
1897,33,1217,636,22,13,14,1,13,13,0.0,0,0,No,3942948147
1617,18,614,194,8,4,22,3,13,10,0.0,0,0,No,3109905302
174,13,62,18,7,7,16,3,18,15,0.0,0,0,No,3154842572
3406,7,834,253,2,1,25,2,22,16,0.0,0,0,No,1901826595
2379,16,1034,537,4,2,17,3,31,25,0.0,1,-1,No,4137779758
3653,75,2151,919,46,25,14,2,73,63,0.0,0,0,No,3698623049
3710,68,1749,934,33,25,10,6,92,64,0.0,0,0,No,1271027777
593,17,359,200,13,8,12,1,5,5,0.0,0,0,No,3517343625
509,27,75,23,13,3,14,2,13,12,-1.5,2,-8,No,21539871
2342,21,393,87,4,2,33,2,16,15,0.0,2,-2,No,1009270252
625,20,118,31,1,0,31,3,21,17,0.0,0,0,No,1759571471
2148,35,878,109,7,0,28,2,25,20,-0.33,0,-2,No,3582204072
486,21,150,36,5,2,21,3,25,16,-0.17,0,-1,No,3394749207
44,0,44,44,0,0,1,3,27,22,0.0,2,-1,No,2259587872
793,7,793,253,7,3,8,3,32,27,0.0,0,0,No,2644392859
333,7,333,151,7,0,7,4,34,22,0.0,1,-1,No,2126119250
333,7,333,151,7,0,7,4,34,22,0.0,1,-1,No,2126119250
2181,39,544,190,7,1,23,3,34,20,0.0,0,0,No,2475454717
5107,84,1212,359,17,9,32,6,36,26,0.0,0,0,No,2992547639
668,10,360,99,9,9,13,5,37,25,0.0,0,0,No,44854767
87,3,9,3,1,0,37,2,3,2,0.0,1,-1,No,1783148477
503,4,86,31,0,0,36,1,5,5,0.0,0,0,No,4134886144
443,12,71,19,6,1,32,3,6,4,0.0,1,-1,No,2682403421
610,19,455,150,10,4,10,2,10,8,-0.67,3,-4,No,1392569748
611,21,296,252,11,10,34,3,14,12,-0.5,4,-3,No,506207751
579,32,109,38,5,0,31,5,16,11,0.0,5,-5,No,924284059
474,1,172,60,0,0,18,3,20,17,0.0,2,-2,No,249945885
345,1,345,121,1,1,8,3,27,24,-0.17,4,-5,No,3609800909
3275,167,165,43,26,7,36,3,96,77,0.0,1,-1,No,1523815022
3690,57,669,365,17,9,28,6,117,76,0.0,0,0,No,646041634
8208,37,1538,559,7,3,39,2,4,3,0.0,0,0,No,1067256946
384,3,104,28,0,0,20,1,5,5,0.0,0,0,No,643974065
728,20,279,142,17,11,37,2,13,12,-0.5,5,-4,No,2615882641
2094,22,574,199,5,1,21,8,62,37,0.0,1,-1,No,1602010196
1166,6,158,43,0,0,37,1,3,3,0.0,0,0,No,1458826433
2581,33,525,193,20,13,38,2,19,17,0.0,0,0,No,1920657598
1925,26,152,52,2,0,30,3,74,60,-0.17,2,-4,No,2710770618
6393,113,1483,656,42,16,37,9,84,65,0.0,0,0,No,1232325948
3459,122,700,262,25,13,38,11,95,58,-0.67,6,-6,No,1215104178
8019,27,978,415,1,1,41,3,75,58,0.0,1,-2,No,2586376753
3406,51,669,200,7,2,37,8,60,46,-0.5,9,-5,No,1265450014
249,5,249,91,5,5,8,5,6,2,0.0,5,-5,Other,1985400457
762,20,512,345,7,5,14,1,9,9,0.0,0,0,Other,1949458731
209,4,180,87,4,2,10,5,17,12,-0.17,0,-1,Other,2176512922
855,16,855,761,16,14,5,5,21,14,-0.67,1,-5,Other,3132442534
419,3,137,39,0,0,24,3,12,9,0.0,0,0,Other,2632004822
517,1,362,314,0,0,12,4,16,9,0.0,0,0,Other,3119300773
1976,25,162,88,2,2,43,4,24,19,0.0,2,-2,Other,3148855474
2546,14,663,478,7,6,13,7,44,26,0.0,5,-6,Other,1582549673
5107,98,1527,715,48,13,23,12,125,74,0.0,0,0,Other,2304675156
2914,47,1803,651,36,12,12,5,54,36,0.0,0,0,Other,3512922524
4867,76,887,356,26,12,31,4,90,68,0.0,0,0,Other,2806643892
2159,11,514,196,4,1,24,2,16,14,-0.17,0,-1,Other,4102849165
107,1,107,33,1,0,8,1,1,1,0.0,0,0,Other,3647259528
397,7,397,397,7,7,2,2,3,2,0.0,0,0,Other,2499959332
344,6,227,102,0,0,10,3,10,7,0.0,0,0,Other,1963112312
649,8,649,463,8,8,5,4,14,8,0.0,5,-5,Other,4289660008
378,14,378,378,14,14,2,4,25,14,0.0,0,0,Other,1576931005
299,6,44,6,2,0,35,1,3,3,0.0,2,-2,Other,1574821075
111,1,111,111,1,1,4,0,0,0,0.0,1,-1,Sold,2149501685
83,4,83,83,4,4,4,0,0,0,0.0,2,-2,Sold,3498510366
211,8,211,211,8,8,3,0,0,0,0.0,5,-3,Sold,1573479998
44,3,44,44,3,3,2,0,0,0,0.0,3,-3,Sold,4064929532
20,0,20,1,0,0,8,0,0,0,0.0,0,0,Sold,3223393045
61,2,61,61,2,2,4,0,0,0,0.0,2,-2,Sold,2945972663
421,3,421,97,3,0,8,0,0,0,-0.17,0,-1,Sold,2694006540
40,4,40,40,4,4,4,0,0,0,0.0,4,-4,Sold,1686005834
103,0,103,23,0,0,8,0,0,0,0.0,0,0,Sold,2345584983
77,2,77,77,2,2,1,0,0,0,0.33,2,0,Sold,2685810731
52,4,52,13,4,2,8,0,0,0,0.0,2,-2,Sold,1573902507
69,0,69,69,0,0,1,0,0,0,0.0,0,0,Sold,420329123
114,0,114,114,0,0,3,0,0,0,0.0,0,0,Sold,3502165784
107,1,107,107,1,1,3,0,0,0,0.0,1,-1,Sold,1739811575
152,0,152,42,0,0,8,0,0,0,0.0,0,0,Sold,2607544383
13,2,13,13,2,2,2,0,0,0,0.0,2,-2,Sold,1849871271
122,2,122,31,2,1,6,0,0,0,0.0,1,-1,Sold,918198711
134,1,134,21,1,0,8,0,0,0,0.0,0,0,Sold,438934705
47,5,47,6,5,0,8,0,0,0,0.0,5,-5,Sold,2848804653
290,2,290,87,2,1,7,0,0,0,-0.17,1,-1,Sold,1625657631
38,2,38,38,2,2,2,0,0,0,0.0,2,-2,Sold,4139015555
34,0,34,6,0,0,8,0,0,0,0.0,0,0,Sold,1534263926
80,4,80,80,4,4,1,0,0,0,0.0,4,-4,Sold,3195438283
75,3,75,47,3,2,5,0,0,0,0.0,2,-2,Sold,88369127
58,9,58,58,9,9,2,0,0,0,0.0,9,-9,Sold,1527549527
27,5,27,27,5,5,3,0,0,0,0.17,4,-3,Sold,1655982126
512,0,512,512,0,0,4,1,1,1,0.0,0,0,Sold,1630128262
107,5,107,107,5,5,1,1,1,1,0.0,5,-5,Sold,891603360
71,1,71,10,1,0,8,1,1,1,0.0,1,-1,Sold,2120998914
13,2,13,13,2,2,1,1,1,1,0.0,2,-2,Sold,1993569987
133,0,133,133,0,0,1,1,1,1,0.0,0,0,Sold,2705536652
145,3,145,28,3,0,8,1,1,1,0.0,0,0,Sold,2781448502
97,0,97,15,0,0,8,1,1,1,0.0,0,0,Sold,773765885
64,3,64,7,3,0,7,1,1,1,-0.17,0,-1,Sold,1528509188
13,2,13,13,2,2,1,1,1,1,0.0,2,-2,Sold,1993569987
265,3,265,45,3,1,8,1,1,1,-0.17,1,-1,Sold,3473626593
35,4,35,35,4,4,3,1,1,1,0.0,2,-2,Sold,972377966
42,3,42,42,3,3,1,1,1,1,0.5,3,0,Sold,3868416281
377,8,377,376,8,8,4,1,1,1,-0.33,1,-2,Sold,3911671499
103,6,103,103,6,6,1,1,1,1,0.0,6,-6,Sold,3367593190
174,11,174,111,11,11,6,1,1,1,1.17,7,-4,Sold,2391358659
103,0,103,41,0,0,8,1,1,1,0.0,0,0,Sold,2565801800
147,4,147,147,4,4,2,1,1,1,-0.33,0,-2,Sold,3741724428
35,4,35,35,4,4,3,1,1,1,0.0,2,-2,Sold,972377966
183,2,183,183,2,2,2,1,1,1,0.0,1,-1,Sold,162375399
237,13,237,237,13,13,3,1,1,1,0.0,4,-8,Sold,4137261774
371,1,371,141,1,1,7,1,2,2,0.17,1,0,Sold,148439280
115,1,115,26,1,0,8,1,2,2,0.0,0,0,Sold,4146908116
213,3,213,213,3,3,4,1,2,2,0.0,2,-1,Sold,3672458197
119,10,119,50,10,1,8,1,2,2,-0.5,1,-2,Sold,3853514590
220,9,220,220,9,9,2,1,2,2,0.0,5,-4,Sold,3444131592
147,20,147,147,20,20,2,1,2,2,0.0,20,-20,Sold,3160962034
274,3,274,25,3,1,8,1,2,2,-0.33,1,-2,Sold,1473393948
141,5,141,141,5,5,3,1,2,2,0.0,5,-5,Sold,1976773350
26,6,26,26,6,6,2,1,2,2,0.0,2,-4,Sold,345873218
88,2,88,16,2,0,8,1,2,2,0.0,0,0,Sold,1279314883
104,2,104,104,2,2,2,1,2,2,0.0,1,-1,Sold,4022336877
168,11,168,168,11,11,3,1,2,2,-0.33,6,-7,Sold,768760596
156,0,156,43,0,0,8,1,2,2,0.0,0,0,Sold,2003849300
155,4,155,155,4,4,4,1,2,2,0.0,4,-4,Sold,1305819474
269,1,269,57,1,0,8,1,2,2,0.0,0,0,Sold,480263852
205,17,205,205,17,17,2,1,2,2,0.0,0,0,Sold,1670199016
144,8,144,87,8,8,6,2,3,2,-0.67,0,-2,Sold,1099331134
202,6,202,202,6,6,3,2,3,2,-0.17,3,-4,Sold,3027375735
264,11,264,163,11,11,6,1,3,3,0.0,3,-3,Sold,345164035
118,9,118,118,9,9,2,1,3,3,0.0,9,-9,Sold,2060306870
255,7,255,255,7,7,2,1,3,3,0.0,6,-5,Sold,540123655
440,2,440,409,2,2,5,1,3,3,0.0,1,-1,Sold,3715591126
170,3,170,170,3,3,2,1,3,3,0.0,3,-3,Sold,3435567580
342,14,342,114,14,2,8,2,3,2,0.0,0,0,Sold,2068591947
421,10,421,180,10,3,8,1,3,3,0.0,3,-3,Sold,1604036778
151,6,151,43,6,4,8,2,3,2,-0.33,3,-2,Sold,3955711447
29,4,29,29,4,4,1,2,3,2,0.0,4,-4,Sold,3610826326
174,8,174,75,8,2,8,1,3,3,0.0,1,-1,Sold,4156588409
120,4,120,120,4,4,2,2,3,2,0.0,4,-4,Sold,3498892495
446,10,446,125,10,4,8,1,3,3,0.0,1,-1,Sold,182871821
335,4,335,195,4,0,5,3,3,1,0.0,0,0,Sold,608717128
126,1,126,126,1,1,1,2,3,2,0.17,1,0,Sold,1861498029
739,20,739,178,20,4,8,1,4,4,0.0,0,0,Sold,2753207185
255,4,255,86,4,3,7,1,4,4,0.0,2,-2,Sold,4242732791
206,7,206,27,7,2,8,2,4,3,-0.67,0,-3,Sold,4030385421
103,39,103,20,39,2,8,1,4,4,-1.33,1,-3,Sold,677843780
169,0,169,46,0,0,8,3,4,2,0.0,0,0,Sold,1827125235
107,12,107,27,12,2,8,2,4,3,-0.33,0,-2,Sold,968194530
161,5,161,161,5,5,1,2,4,3,0.0,5,-5,Sold,1474183475
329,8,329,329,8,8,3,1,4,4,0.0,0,0,Sold,289717262
158,6,158,158,6,6,2,2,4,3,0.0,6,-6,Sold,4216872547
82,4,82,82,4,4,2,3,4,2,0.0,0,0,Sold,1909134525
265,2,265,265,2,2,3,2,4,3,0.17,1,-1,Sold,12360628
373,16,373,151,16,9,6,3,4,2,-0.33,3,-5,Sold,789712670
504,7,504,504,7,7,2,1,4,4,0.0,3,-4,Sold,734560755
218,3,218,218,3,3,2,3,4,2,0.5,3,0,Sold,2119505878
36,0,36,14,0,0,8,3,4,2,0.0,0,0,Sold,618822842
142,7,142,97,7,6,5,2,4,3,-0.17,1,-3,Sold,1450612615
199,21,199,49,21,4,7,1,5,5,-0.5,5,-4,Sold,4152727541
297,3,297,297,3,3,2,2,5,4,0.0,0,0,Sold,1210073595
383,11,383,173,11,11,8,3,5,3,1.0,3,-2,Sold,2373905872
253,5,253,42,5,1,8,2,5,3,-0.5,1,-3,Sold,2022918620
469,6,469,142,6,4,8,2,5,4,0.0,3,-3,Sold,1373563590
342,4,342,103,4,2,8,1,5,5,0.0,1,-1,Sold,344786263
275,15,275,275,15,15,2,2,5,4,0.0,15,-15,Sold,2302557862
671,7,671,671,7,7,2,2,5,4,-1.17,0,-7,Sold,82862066
150,4,150,150,4,4,1,2,5,3,0.0,4,-4,Sold,1745088078
335,2,335,300,2,2,5,1,6,6,0.0,2,-2,Sold,154758741
282,26,282,188,26,17,5,1,6,6,-1.5,5,-8,Sold,2907222637
206,10,206,93,10,7,7,3,6,4,-0.33,0,-2,Sold,92784531
202,16,202,202,16,16,3,1,6,6,0.0,0,0,Sold,3556923405
278,10,278,278,10,10,3,1,6,6,-0.5,3,-6,Sold,1444322169
754,4,754,754,4,4,2,1,6,6,0.0,4,-4,Sold,3454076462
75,1,75,26,1,1,8,4,6,3,0.0,1,-1,Sold,3510518451
256,9,256,256,9,9,3,2,6,4,0.0,8,-7,Sold,736406092
226,7,226,21,7,1,8,3,6,4,0.0,1,-1,Sold,2033439062
285,3,285,96,3,3,8,5,6,2,0.0,3,-3,Sold,3665202020
477,2,477,434,2,2,5,2,7,5,0.0,2,-2,Sold,3338843147
373,21,373,99,21,9,8,1,7,7,-1.0,3,-4,Sold,1632378133
667,6,667,667,6,6,3,2,7,6,0.0,4,-2,Sold,2171438704
291,11,291,291,11,11,4,2,7,6,0.33,7,-6,Sold,112797489
437,19,437,181,19,4,8,2,7,6,0.0,0,0,Sold,4254789887
189,4,189,189,4,4,2,2,7,6,0.0,2,-2,Sold,4242284204
665,5,665,321,5,1,6,2,7,5,0.0,1,-1,Sold,4260626428
164,16,164,164,16,16,4,3,7,5,0.0,8,-10,Sold,2146113409
511,13,511,511,13,13,4,2,7,5,0.33,9,-8,Sold,1743443538
442,5,442,114,5,4,8,2,8,7,0.0,0,0,Sold,2526974811
200,7,200,153,7,6,5,3,8,5,0.0,5,-5,Sold,142744449
263,5,263,123,5,2,7,5,8,4,-0.17,1,-1,Sold,1059820174
302,8,302,302,8,8,2,2,8,7,-0.83,0,-5,Sold,1686742747
460,38,460,415,38,37,5,1,8,8,0.0,0,0,Sold,2391113794
312,4,312,136,4,2,7,4,8,5,0.0,2,-2,Sold,689716803
179,5,179,32,5,0,8,3,8,5,0.0,1,-2,Sold,2340579414
486,9,486,150,9,2,7,3,9,5,-1.0,1,-7,Sold,3246738113
441,6,441,441,6,6,3,3,9,6,0.0,3,-3,Sold,2218777335
403,17,403,403,17,17,1,4,9,5,0.0,17,-17,Sold,2514407854
306,3,306,112,3,3,6,2,9,7,0.17,2,-2,Sold,1795090195
665,17,665,665,17,17,4,1,10,10,0.0,4,-3,Sold,4035204094
852,27,852,315,27,10,8,2,10,8,0.0,0,0,Sold,1562039136
234,5,234,234,5,5,3,2,10,8,0.0,2,-1,Sold,2831632072
696,5,696,696,5,5,3,1,10,10,0.0,2,-3,Sold,135132488
581,18,581,181,18,8,8,2,10,8,0.0,0,0,Sold,3284668041
1039,31,1039,1039,31,31,3,3,10,7,0.0,12,-10,Sold,1149739893
638,30,638,638,30,30,2,2,11,10,0.0,23,-16,Sold,963746247
116,4,116,58,4,2,5,8,11,4,0.0,2,-2,Sold,3409471561
163,3,163,90,3,2,5,6,11,4,0.33,2,-1,Sold,338613147
439,11,439,124,11,0,8,2,12,10,0.0,0,0,Sold,427992256
608,8,608,188,8,1,8,1,12,12,0.0,1,-1,Sold,1057925049
600,4,600,600,4,4,2,2,12,10,0.0,4,-4,Sold,879329775
207,14,207,207,14,14,2,3,13,9,-1.5,0,-9,Sold,133559639
320,15,320,320,15,15,4,2,13,11,0.0,0,0,Sold,1238293100
598,12,598,200,12,5,8,3,13,9,0.0,0,0,Sold,2486237405
149,7,149,36,7,4,8,3,13,10,0.0,4,-4,Sold,167058766
500,20,500,500,20,20,2,4,14,10,0.0,0,0,Sold,1065671490
880,27,880,880,27,27,4,3,14,10,0.0,0,0,Sold,110772595
381,6,381,89,6,3,6,4,14,9,-0.5,0,-3,Sold,1676189320
314,21,314,314,21,21,3,2,15,12,0.0,8,-11,Sold,1860712668
111,6,111,30,6,0,8,8,15,6,-0.83,0,-5,Sold,2033663212
1031,55,1031,551,55,37,6,2,15,12,-1.17,0,-7,Sold,707418920
467,11,467,98,11,6,8,4,15,10,-0.17,3,-3,Sold,1192573305
383,24,383,383,24,24,2,3,15,11,-2.83,0,-10,Sold,1168536886
346,18,346,292,18,18,5,3,16,12,-1.5,0,-5,Sold,2847091625
851,8,851,469,8,8,6,6,16,6,0.0,0,0,Sold,1972381234
492,6,492,158,6,3,8,8,17,9,0.0,0,0,Sold,3495743414
151,4,151,151,4,4,1,3,17,11,0.0,4,-4,Sold,1068099727
765,42,765,229,42,17,8,5,18,10,0.0,0,0,Sold,3623458501
296,24,296,154,24,16,5,4,18,13,-1.5,0,-6,Sold,1221738276
370,53,370,370,53,53,1,3,18,14,8.83,53,0,Sold,1514108249
148,28,148,75,28,25,6,3,19,13,0.0,8,-10,Sold,2037977281
1311,11,1311,273,11,4,8,2,20,18,0.0,0,0,Sold,776250576
1197,31,1197,289,31,8,8,2,20,17,-0.83,2,-5,Sold,1389617686
785,34,785,201,34,11,8,6,21,11,0.0,0,0,Sold,3998583085
574,32,574,574,32,32,3,11,21,9,0.0,0,0,Sold,3382522111
1767,13,1767,1767,13,13,3,3,22,19,0.0,0,0,Sold,1501812939
1431,64,1431,939,64,50,5,3,24,17,0.0,0,0,Sold,2015070708
835,9,835,335,9,3,8,3,24,20,0.0,0,0,Sold,1614275477
1032,37,1032,1032,37,37,2,2,24,23,-0.5,0,-3,Sold,1792370262
437,29,437,125,29,12,7,4,32,17,-0.17,5,-4,Sold,2347818385
1083,44,1083,427,44,21,7,4,32,27,0.0,0,0,Sold,1875760592
678,45,678,157,45,16,8,7,36,22,-1.0,4,-8,Sold,3270304681
1195,31,1195,1195,31,31,2,4,40,24,0.0,0,0,Sold,2946464177
885,22,885,268,22,6,8,4,56,43,-0.17,1,-2,Sold,3794918784
2135,81,2135,2135,81,81,4,5,60,39,0.0,0,0,Sold,1689736424
53,5,53,53,5,5,1,0,0,0,0.0,5,-5,Sold,1673721948
126,4,126,126,4,4,4,0,0,0,0.0,4,-4,Sold,2254577513
56,3,56,10,3,3,7,0,0,0,0.0,2,-1,Sold,1762350482
27,0,27,27,0,0,2,1,1,1,0.0,0,0,Sold,2502887582
229,12,229,229,12,12,2,1,1,1,0.0,6,-9,Sold,2880045810
69,1,69,16,1,0,8,1,1,1,-0.17,0,-1,Sold,400575090
104,11,104,104,11,11,4,1,1,1,0.0,5,-5,Sold,1050430817
252,2,128,47,1,1,15,1,2,2,0.0,1,-1,Sold,2191117405
175,7,70,50,4,4,13,1,2,2,0.0,3,-2,Sold,2256875287
132,12,132,132,12,12,2,1,2,2,0.0,12,-12,Sold,897956755
554,14,336,172,9,8,16,1,2,2,-1.0,0,-5,Sold,2095526264
465,6,444,444,6,6,4,1,3,3,0.0,0,0,Sold,3676205693
313,19,313,177,19,13,5,1,3,3,-1.0,2,-6,Sold,2218287320
90,4,90,85,4,4,4,1,3,3,-0.67,0,-4,Sold,2850296585
85,10,85,85,10,10,1,2,3,2,0.0,0,0,Sold,2164225695
194,9,194,194,9,9,2,1,3,3,0.0,6,-3,Sold,4007047807
90,4,90,85,4,4,4,1,3,3,-0.67,0,-4,Sold,2850296585
302,4,300,105,4,2,8,2,4,3,0.0,2,-2,Sold,3820525392
399,12,344,85,10,3,9,1,4,4,-0.33,1,-2,Sold,1174818226
193,5,193,193,5,5,1,2,4,3,0.0,0,0,Sold,3788890796
100,11,100,100,11,11,1,2,4,3,0.0,11,-11,Sold,4060560159
240,1,240,240,1,1,3,2,4,3,0.0,1,-1,Sold,1806733160
346,6,346,183,6,3,8,1,4,4,0.0,0,0,Sold,239165136
782,18,538,284,13,8,9,3,4,2,0.0,0,0,Sold,4069561200
292,6,284,33,6,0,8,2,5,4,0.0,0,0,Sold,4157920115
781,36,781,616,36,32,5,2,5,4,0.0,0,0,Sold,2065037300
663,5,663,410,5,2,7,2,5,3,0.0,0,0,Sold,1959531776
1251,16,1251,758,16,10,6,3,5,3,0.0,0,0,Sold,2886529172
188,10,188,188,10,10,1,2,5,4,0.0,0,0,Sold,4235709160
824,25,824,647,25,25,5,2,5,4,-1.17,4,-8,Sold,1017682727
549,40,181,62,18,2,13,1,5,5,-1.17,2,-4,Sold,1433347640
210,12,210,210,12,12,1,1,5,5,0.0,12,-12,Sold,2808281871
174,10,174,174,10,10,1,1,5,5,0.0,10,-10,Sold,1900181683
353,5,353,219,5,3,6,2,5,4,-0.33,2,-2,Sold,2815095069
665,6,115,21,1,0,13,1,5,5,0.0,1,-1,Sold,1780839566
781,16,781,473,16,9,7,1,6,6,-0.5,0,-2,Sold,4235960677
554,37,400,294,21,15,11,3,6,3,-1.0,2,-8,Sold,3153156306
241,5,241,241,5,5,1,2,6,5,0.83,5,0,Sold,1157682324
155,7,155,155,7,7,1,2,6,5,0.0,7,-7,Sold,1323934913
611,23,370,13,13,0,9,1,7,7,-0.5,0,-3,Sold,998976687
337,28,322,129,27,13,4,2,7,5,-0.5,7,-10,Sold,1908542621
230,14,216,144,14,10,9,2,7,5,0.0,5,-3,Sold,3999627577
221,11,221,221,11,11,2,2,7,6,-0.33,7,-9,Sold,751694852
540,20,540,482,20,20,5,2,7,5,-1.0,1,-7,Sold,2452769431
337,28,322,129,27,13,4,2,7,5,-0.5,7,-10,Sold,1908542621
248,8,248,248,8,8,2,3,7,5,0.0,0,0,Sold,1382470808
917,11,402,101,6,2,16,2,7,6,-0.5,2,-2,Sold,2728250809
874,16,471,167,10,6,15,1,7,7,0.0,2,-4,Sold,98730322
934,32,663,346,27,21,11,2,8,6,-0.5,4,-6,Sold,836446574
262,8,262,262,8,8,3,3,8,5,0.0,0,0,Sold,3456542957
377,10,376,214,10,9,6,2,8,6,-0.33,0,-1,Sold,4066638305
688,14,688,688,14,14,3,2,8,6,0.0,0,0,Sold,2210731775
826,24,477,106,17,12,9,2,9,7,-0.5,3,-3,Sold,2936934837
342,11,342,342,11,11,4,2,9,8,-0.33,3,-2,Sold,636737114
1680,26,860,368,18,9,15,2,9,8,0.0,7,-5,Sold,3527621960
221,11,221,221,11,11,1,2,9,6,-1.83,0,-11,Sold,1343687642
579,19,320,156,14,6,12,1,10,10,-0.5,0,-3,Sold,2125143919
609,29,609,415,29,27,6,2,10,9,0.0,0,0,Sold,3417673048
892,41,892,892,41,41,3,3,10,7,0.0,0,0,Sold,1934305809
628,6,258,35,2,0,14,2,10,9,0.0,1,-1,Sold,2638284198
334,9,334,334,9,9,2,5,11,7,0.0,8,-7,Sold,2652966153
426,14,426,426,14,14,2,3,11,8,0.67,10,-6,Sold,1659739665
1153,55,533,201,29,17,15,2,12,10,-0.17,0,-1,Sold,4018729921
379,29,379,379,29,29,2,3,12,7,0.0,0,0,Sold,3502819737
555,22,406,259,17,13,10,4,12,6,-1.0,0,-5,Sold,3508608977
502,12,502,502,12,12,4,3,12,9,-0.67,1,-3,Sold,114303894
751,8,488,222,4,3,15,2,12,10,0.0,0,0,Sold,698001819
1083,17,1083,1083,17,17,4,2,13,9,0.0,0,0,Sold,3210251212
243,5,243,243,5,5,2,3,13,8,-0.17,0,-1,Sold,3705472951
714,7,714,714,7,7,4,2,13,12,0.0,2,-1,Sold,3739179475
684,13,684,508,13,10,5,2,13,12,-0.17,4,-4,Sold,478188875
837,25,486,130,7,4,15,3,14,10,-0.17,2,-3,Sold,3563679798
1688,12,1059,497,8,6,12,4,14,10,0.0,4,-3,Sold,3877247038
672,25,672,672,25,25,3,3,14,10,0.0,10,-15,Sold,3341536502
673,12,471,259,12,11,16,1,14,14,0.0,6,-5,Sold,3933083796
495,21,495,388,21,9,6,2,14,11,0.0,0,0,Sold,2808734485
1188,32,1188,1188,32,32,2,3,15,12,0.0,0,0,Sold,3439364235
149,10,149,149,10,10,1,5,15,8,1.67,10,0,Sold,3490803101
1513,10,1513,628,10,7,6,3,16,11,0.0,0,0,Sold,2411566885
1113,24,1113,511,24,6,8,3,16,13,0.0,0,0,Sold,1954282983
1439,9,1439,1094,9,6,5,3,17,12,0.0,0,0,Sold,3692658480
3109,53,312,97,5,4,29,3,18,13,0.0,0,0,Sold,1009172275
1283,12,1283,783,12,5,8,2,18,16,0.0,0,0,Sold,1225463630
1368,42,1368,1202,42,36,5,4,18,14,0.0,0,0,Sold,1831473436
1133,23,1132,710,23,8,8,4,21,14,0.0,0,0,Sold,694566156
1418,42,962,328,27,14,11,4,23,15,-0.67,5,-4,Sold,1817009527
1249,25,1249,1249,25,25,3,6,24,16,0.0,0,0,Sold,381494892
3390,27,1793,586,15,8,16,8,24,16,0.0,0,0,Sold,2768189836
2153,38,2151,1435,38,23,6,2,25,23,-0.83,0,-4,Sold,1681166083
569,33,569,569,33,33,4,11,26,11,-1.67,0,-10,Sold,993955234
825,6,619,366,5,0,10,4,27,19,0.0,0,0,Sold,1618378644
923,50,558,248,34,20,12,3,27,23,0.0,0,0,Sold,3214064239
2091,55,1573,1272,39,26,10,4,28,20,0.0,0,0,Sold,1242404049
718,23,718,718,23,23,2,3,28,20,0.0,0,0,Sold,3479670765
2194,73,1191,545,52,21,15,6,29,21,0.0,0,0,Sold,1326966254
2546,45,649,190,17,4,19,4,30,17,0.0,0,0,Sold,194334797
775,41,383,97,18,5,16,2,30,24,0.0,0,0,Sold,3363904828
5946,59,2467,693,25,2,16,4,31,19,0.0,0,0,Sold,1651367485
3496,128,3496,1530,128,63,8,2,32,28,0.0,0,0,Sold,3373384285
1705,31,1705,1705,31,31,4,5,34,26,0.0,0,0,Sold,2858954403
2373,48,2373,2373,48,48,4,2,35,27,0.0,0,0,Sold,2421324860
271,0,271,94,0,0,7,5,35,24,-0.17,0,-1,Sold,3633838287
2589,56,2589,2321,56,54,5,3,37,32,0.0,0,0,Sold,3050534504
1731,23,1731,942,23,16,7,3,40,33,0.0,0,0,Sold,2638280815
3071,61,3071,1450,61,29,8,3,45,34,0.0,0,0,Sold,1110625988
2568,58,1410,817,29,23,14,3,45,32,0.0,0,0,Sold,3124861782
1505,60,872,142,34,9,9,5,47,32,0.0,0,0,Sold,3951006421
1447,53,1447,641,53,27,7,3,47,36,0.0,0,0,Sold,3512112
4353,78,2129,907,43,3,16,4,72,51,-1.5,8,-9,Sold,1806737700
2202,75,2201,692,75,26,8,2,72,55,0.0,0,0,Sold,263654680
7722,121,1233,223,39,4,29,4,78,50,0.0,0,0,Sold,88740176
8465,112,3960,1833,51,24,16,4,81,58,0.0,0,0,Sold,1771325586
2612,149,2612,1827,149,103,6,11,82,56,0.0,0,0,Sold,2350764666
17394,476,7407,2462,232,74,38,6,235,171,0.0,0,0,Sold,3479472744
733,7,733,643,7,5,6,0,0,0,0.0,0,0,Sold,1950480904
259,6,243,37,6,0,9,1,1,1,0.0,0,0,Sold,2441934290
581,1,213,55,0,0,13,1,1,1,0.0,0,0,Sold,1806077762
422,9,166,28,6,3,16,2,2,1,0.33,3,-3,Sold,3483018806
414,8,414,315,8,8,6,2,2,1,-0.33,0,-1,Sold,345645651
656,6,600,305,4,2,9,1,3,3,-0.17,0,-1,Sold,3101076844
159,3,78,7,2,0,17,1,3,3,0.0,0,0,Sold,2890216661
426,14,272,197,12,6,11,1,3,3,0.0,3,-4,Sold,2337712311
251,3,147,101,2,2,13,1,3,3,0.0,2,-2,Sold,761929659
639,9,182,23,6,0,24,1,3,3,0.0,0,0,Sold,1713560130
1061,9,420,101,2,0,15,2,5,3,0.0,0,0,Sold,2583882271
642,6,642,498,6,4,5,1,6,6,0.0,2,-2,Sold,2767116587
873,6,617,303,5,3,11,1,8,8,0.0,1,-2,Sold,639501855
390,10,305,171,8,7,10,3,8,6,0.0,0,0,Sold,1839629683
2936,28,480,267,10,3,37,2,9,8,0.0,0,0,Sold,35392581
2200,18,109,13,0,0,27,1,9,9,0.0,0,0,Sold,2402261335
497,45,497,255,45,16,6,2,10,7,-0.5,1,-5,Sold,2253394010
263,17,93,70,10,9,17,2,10,7,0.0,4,-2,Sold,2213901382
1516,51,695,578,18,13,18,3,11,9,0.0,0,0,Sold,4128691044
425,8,138,47,1,1,22,4,11,7,0.0,0,0,Sold,671803270
898,23,444,35,4,1,16,3,11,8,-0.33,1,-2,Sold,4090972419
1117,39,1057,445,39,24,9,2,12,10,-2.0,0,-8,Sold,776236323
413,8,413,413,8,8,3,2,13,9,0.0,0,0,Sold,425248953
2040,20,252,87,6,4,27,2,14,12,0.0,0,0,Sold,813904382
1075,70,1075,900,70,62,5,2,15,14,0.0,0,0,Sold,24275564
628,17,628,487,17,16,6,2,16,13,0.0,0,0,Sold,338550676
918,46,918,685,46,40,6,2,18,17,0.0,0,0,Sold,3358024737
689,28,243,95,10,8,22,3,19,13,-0.67,0,-2,Sold,1970752205
1972,24,586,156,9,5,15,4,20,15,-0.67,0,-3,Sold,881725504
1932,26,362,234,4,4,16,2,22,17,0.0,0,0,Sold,3130430458
1134,13,643,213,8,4,15,4,22,16,-0.5,1,-3,Sold,3219487296
2127,23,1008,340,6,2,13,3,23,20,0.0,0,0,Sold,3379211959
1324,30,548,239,14,8,18,4,25,17,0.0,0,0,Sold,3293863637
1444,33,1043,429,18,4,17,3,26,21,-0.67,0,-4,Sold,3423445942
2661,67,801,168,27,9,16,4,29,19,0.0,0,0,Sold,3693117432
4415,84,3611,1683,71,30,10,3,34,30,0.0,0,0,Sold,1546233541
3010,67,1093,182,27,6,11,4,39,26,0.0,0,0,Sold,3975064210
3010,67,1093,182,27,6,11,4,39,26,0.0,0,0,Sold,3975064210
4793,57,1397,713,23,13,41,4,39,30,0.0,0,0,Sold,2172008465
838,28,130,39,2,0,24,3,39,31,0.0,0,0,Sold,1926742727
1146,65,439,164,15,7,14,4,40,28,0.0,0,0,Sold,366825590
2816,43,1558,777,26,4,12,3,40,34,0.0,0,0,Sold,3608508294
1545,39,274,109,11,7,41,6,40,24,0.0,0,0,Sold,3102332004
3087,62,917,258,22,11,42,8,41,21,0.0,0,0,Sold,512702750
2273,101,1423,229,61,13,11,4,47,35,0.0,0,0,Sold,858418259
1743,62,1743,1276,62,49,5,4,47,30,0.0,13,-19,Sold,1425324433
2139,88,1328,222,66,12,9,5,50,29,0.0,0,0,Sold,683821518
3638,69,1792,537,36,17,16,4,52,33,-0.83,7,-4,Sold,739244100
2622,73,1137,259,28,4,18,3,65,47,0.0,0,0,Sold,2931656068
3672,89,760,483,25,17,29,6,68,50,0.0,0,0,Sold,3036527735
8411,152,5467,2105,99,41,12,4,75,63,0.0,0,0,Sold,2121327478
1014,28,714,392,23,13,12,3,76,51,0.0,0,0,Sold,3112526528
3855,125,1678,955,44,34,15,3,88,76,0.0,0,0,Sold,3711429425
9874,122,2342,1519,74,49,24,11,117,82,0.0,0,0,Sold,2126529782
156,2,41,40,0,0,9,0,0,0,-0.17,0,-1,Sold,363895703
372,3,372,55,3,0,8,1,2,2,0.0,0,0,Sold,771555205
928,11,532,223,9,7,12,1,3,3,0.0,0,0,Sold,1746381793
646,15,228,102,3,1,15,3,7,5,0.0,0,0,Sold,1294710036
578,6,283,180,0,0,16,1,7,7,0.0,0,0,Sold,2343894226
601,5,601,601,5,5,4,1,8,8,0.0,5,-5,Sold,9374416
644,28,564,248,21,7,10,1,9,9,0.0,0,0,Sold,1722573413
1029,3,248,141,0,0,28,2,9,8,0.0,0,0,Sold,1301059668
671,7,234,107,4,3,27,2,10,9,0.0,2,-2,Sold,1283743613
436,17,189,79,10,7,21,5,15,9,0.0,4,-3,Sold,4041781680
943,46,203,58,32,12,17,2,15,12,0.0,0,0,Sold,4151123064
475,8,166,44,4,1,26,2,16,14,-0.33,1,-1,Sold,2297041994
884,27,215,67,18,5,26,2,18,16,-0.33,0,-2,Sold,4060574254
1521,17,1521,1002,17,14,8,2,19,16,0.0,0,0,Sold,4019496785
1837,30,1102,499,15,10,15,4,19,13,-0.83,0,-3,Sold,745569695
3540,64,1093,357,21,7,21,5,23,15,0.0,0,0,Sold,1824873233
2762,50,414,412,14,14,15,2,24,22,0.0,0,0,Sold,969832860
1451,28,580,380,13,7,28,2,25,24,-0.17,2,-3,Sold,1325188629
581,36,581,390,36,16,7,5,26,16,0.0,0,0,Sold,2574754059
1934,94,922,638,30,18,17,3,29,24,0.0,0,0,Sold,1041596548
1449,70,1227,909,66,54,12,3,30,23,0.0,0,0,Sold,2226799012
1064,55,307,104,17,7,21,8,45,27,0.0,0,0,Sold,1233489786
3250,151,858,305,66,27,28,5,56,41,0.0,0,0,Sold,3087803248
8727,56,1053,359,15,13,33,4,62,47,0.0,0,0,Sold,315544224
4484,49,665,162,8,1,35,4,68,46,0.0,0,0,Sold,824299730
888,42,183,76,19,13,20,5,73,54,0.0,0,0,Sold,754713799
1963,66,503,209,24,4,23,4,80,60,0.0,0,0,Sold,2693533941
828,13,197,79,4,2,29,2,11,10,0.0,0,0,Sold,1257955084
1759,16,370,98,1,0,31,2,14,12,0.0,0,0,Sold,973915703
1926,30,1926,715,30,17,7,2,14,12,0.0,0,0,Sold,3409601246
644,28,129,89,5,5,30,3,18,13,0.0,0,0,Sold,3649704935
1976,39,196,146,1,1,28,2,22,19,0.0,0,0,Sold,552846314
1654,40,326,176,13,8,34,2,28,26,-0.5,1,-4,Sold,1055031654
2462,65,1559,788,53,43,16,3,34,27,0.0,0,0,Sold,717842881
2493,28,1106,417,23,9,17,22,35,11,-0.83,0,-3,Sold,2740615674
1866,23,465,245,5,5,32,3,42,37,-0.17,9,-10,Sold,3041253708
2144,153,528,426,35,28,33,3,61,44,0.0,9,-7,Sold,4152347670
3328,88,1464,1462,41,41,21,4,69,49,0.0,0,0,Sold,3921930266
595,14,144,36,3,1,38,1,6,6,0.0,1,-1,Sold,2247182381
2271,8,517,314,0,0,42,1,8,8,0.0,0,0,Sold,319370218
507,8,242,223,4,4,30,2,10,8,0.0,0,0,Sold,2157588890
1140,13,259,126,1,1,37,3,11,9,0.0,1,-1,Sold,1907360636
690,19,655,403,19,12,12,4,12,9,0.0,11,-11,Sold,3476290522
1150,17,191,74,0,0,41,2,13,11,0.0,0,0,Sold,1617351966
510,19,137,137,8,8,29,4,13,8,-0.17,3,-5,Sold,614650540
1545,18,604,374,13,10,22,3,15,11,0.0,0,0,Sold,1123135118
613,13,613,323,13,10,8,3,16,12,0.5,4,-3,Sold,3713545944
727,74,574,224,46,24,9,6,26,19,1.17,10,-17,Sold,3053865630
561,39,367,142,30,15,10,3,30,26,-0.5,5,-6,Sold,1232673110
2590,42,446,172,12,7,37,5,30,20,0.0,0,0,Sold,861960540
4352,71,1929,1181,42,28,20,4,32,23,0.0,0,0,Sold,678924079
894,35,81,51,4,3,27,4,33,25,0.0,3,-3,Sold,76904977
3746,67,167,99,4,3,40,3,50,42,0.0,0,0,Sold,3097539326
2439,41,519,286,8,4,41,5,20,13,0.0,0,0,Sold,3902742857
4568,39,854,236,7,2,41,3,29,23,-0.17,2,-2,Sold,1203344768
1662,75,330,303,25,23,23,4,38,31,0.0,0,0,Sold,246703995
3612,57,599,216,12,3,39,5,77,48,0.0,0,0,Sold,1640968518
4935,132,852,410,17,6,39,4,89,67,0.0,0,0,Sold,2864839929
5049,102,1665,1147,34,20,30,4,100,83,0.0,0,0,Sold,2858093089
2477,34,319,184,4,2,42,4,42,25,0.0,0,0,Sold,4179457991
469,15,231,168,8,8,41,2,9,6,0.0,0,0,Sold,3607744182
2663,23,2112,1213,23,17,10,3,24,18,0.0,0,0,Sold,351218446
2673,39,1202,528,20,8,24,3,26,18,-1.33,0,-8,Sold,3926221394
3966,55,566,382,11,5,42,3,33,25,0.0,0,0,Sold,1270283287
